"course_custom_id","syllabird_status","assignment_custom_id","assignment_week","assignment_day","assignment_name","assignment_description","assignment_teachersNote","assignment_linksUrl","assignment_type","assignment_duration","assignment_graded"
"alveary-recLxHIpB9s53QHpZ","Import is Current","alveary-recavU7xDV5YXI32c","1","1","30m Plutarch: Grades 6-8 - Lesson 1","<p>Julius Caesar<br>⍞** **Materials: The Plutarch Project Volume 3, Historical Atlas</p><p>PREP**:** We highly recommend reading a retelling so you can be familiar with the story. This is for your understanding and should not be read to the students.<br>∞ Link: Retelling of Caesar (from Our Young Folks' Plutarch) <br>• Read the introduction, review vocabulary, and preread the lesson.</p><p>➜ INTRO <br>Have you ever heard of Julius Caesar? If so, what do you know about him?</p><p>➜ VIEW<br>∞ Image Link: Julius Caesar Image<br>∞ Video Link: Julius Caesar Video</p><p>➜ LOCATE<br>⍞ Map Resource: Historical Atlas p.14-15<br>1\. Take 1-2 minutes to look over the map of the Roman Republic and the surrounding &quot;world&quot; in Caesar's time. <br>2\. Find Rome in Italy. <br>3\. Find the Aegean Sea between the province of Asia and Achaea. This is the coastline where the pirates operated. <br>4\. Find Bithynia on the southern shore of the Black Sea**,** where Caesar went after his release. <br>5\. These are the places where a teenager on the wrong side of Roman politics spent his first years away from home.</p><p>➜ VIEW &amp; PRACTICE<br>Review the vocabulary section before each lesson to familiarize yourself with unfamiliar terms. It may be helpful for students to write definitions into the text, so they do not have to review terms mid-lesson.</p><p>➜ READ &amp; NARRATE<br>Lesson One: Parts One - Three p.9-12</p><p>• Once finished, ask, &quot;What do you remember?&quot; + &quot;What else?&quot; Keep narration to 2-3 minutes.</p><p>➜ DISCUSS: Character Simulator<br>In the introduction of Lesson One, we learn that &quot;young Julius Caesar was on the wrong side. Most people in that position would have stayed hidden or at least tried to live quietly&quot; (p.7). In a situation where staying silent means comfort and safety, what factors or beliefs might make a person decide that standing up is worth the risk?</p><p>➜ WRITE (Optional Citizenship Notebook Exercise)<br>If you found yourself on the &quot;wrong side&quot; of a big decision at school or with your friends, and staying quiet was the only way to stay safe and comfortable, how would you decide which ideas are worth being &quot;exiled&quot; for and which ones are just you being stubborn?</p><p>────────────────────<br>ADDITIONAL NOTES<br>────────────────────</p><p>• CHARACTERS<br>-Julius Caesar (JOOL-yus, SEE-zar): Roman statesman and general, held many high civic, military, and religious positions, and was a noted orator and writer.</p><p>-Sulla (SUH-luh): was made the Perpetual Dictator, but resigned after one year and was elected as a consul instead.</p><p>-Cinna (SIN-uh): There are several Cinnas in the story. This Cinna, Lucius Cornelius Cinna the Elder, is Caesar's first father-in-law and ally of Marius, Caesar's uncle.</p><p>-Marius (MARR-ee-us): involved in a Civil War against Sulla and was an ally of Cinna, the father-in-law of Caesar</p><p>-King Nicomedes (nih-kuh-MEE-deez): King of Bithynia 94-74 BC</p><p>-Marcus Juncus (MAHR-kuss, JUNG-kuss): governor of Asia in 75 BC</p>","<p>★ TEACHER TIP<br>To keep track of all of the characters in the story, it may be helpful for your student to keep a list or chart of some kind in their citizenship notebook. They could also sketch the characters and include facts about them. Or, you could use the linked character cards.<br>∞ Link: Character Cards</p><p>★ TEACHER NOTE<br>Watch this overview video to help with the Character Simulator <br>∞ Video Link: Character Simulator</p>","https://planning.alveary.org/links.html?id=recLxHIpB9s53QHpZ&term=1&week=1","Lesson","0","FALSE"
"alveary-recLxHIpB9s53QHpZ","Import is Current","alveary-reclJd30v9gLA2eG5","2","1","30m Plutarch: Grades 6-8 - Lesson 2","<p>Julius Caesar<br>⍞ Materials: The Plutarch Project Volume 3, Historical Atlas</p><p>PREP: Read the introduction, review vocabulary, and preread the lesson.</p><p>➜ RECAP<br>What did we learn so far about Caesar from the first reading?</p><p>➜ LOCATE<br>⍞ Map Resource: Historical Atlas p.14-15<br>1\. Find Hither Spain and Farther Spain on the western edge of the map. Both are already &quot;Roman Pink.&quot; <br>2\. Find the Alps. This is the route Caesar traveled when he passed through a tiny village and said, &quot;For my part, I had rather be the chiefest man here, than the second person in Rome&quot; (p.15, The Plutarch Project).</p><p>➜ VIEW &amp; PRACTICE<br>Review the vocabulary section before each lesson to familiarize yourself with unfamiliar terms. It may be helpful to write definitions into the text, so you do not have to review terms mid-lesson.</p><p>➜ READ &amp; NARRATE<br>Lesson Two: Parts One - Three p.14-17</p><p>• Once finished, ask, &quot;What do you remember?&quot; and &quot;What else?&quot; Keep narration to 2-3 minutes.</p><p>➜ DISCUSS: Character Simulator<br>You are a young officer who rode with Caesar when he passed through a tiny village in the Alps and said he would rather be the first man there than the second in Rome. What do you think about that comment?</p><p>➜ WRITE (Optional Citizenship Notebook Exercise)<br>Explain how you might distinguish between a person who wants to do great things and a person who simply wants to be the greatest.</p><p>────────────────────<br>ADDITIONAL NOTES<br>────────────────────</p><p>While all of Gaul is pink on this map, remember that when Caesar began his command, only the southern tip belonged to Rome. His campaigns are what eventually brought the rest of that territory into the Empire.</p><p>• DEFINITIONS<br>Pontifex Maximus: There were numerous levels and types of priesthood in Rome and throughout the rest of Italy, and these positions carried political as well as spiritual authority.</p><p>• CHARACTERS<br>-Catulus (kuh-TUL-uhs): an avowed enemy to the Marian (Marius's) party</p><p>-Isauricus (eye-SAW-rih-kus): a consul and general who fought against the Cilician pirates</p><p>-Crassus (KRAS-us): Roman senator and a conspirator against Caesar</p><p>-Cato (KAY-toe): statesman who had many conflicts of opinion against Caesar</p><p>-Alexander (al-ig-ZAN-der): Alexander the Great</p><p>-Calpurnius Bibulus (kal-PUR-nee-us, BIB-yoo-lus): consul alongside Caesar</p>","<p>★ TEACHER NOTE<br>The map shows the world in 31 BC, shortly after Caesar's time. You will notice Italy is shaded pink; while it was the Roman Homeland and not a province, it is colored here to show it was under central Roman control.</p>","","Lesson","0","FALSE"
"alveary-recLxHIpB9s53QHpZ","Import is Current","alveary-recJBMFGOKmSP5oNr","3","1","30m Plutarch: Grades 6-8 - Lesson 3","<p>Julius Caesar<br>⍞ Materials: The Plutarch Project Volume 3, Historical Atlas</p><p>PREP: Read the introduction, review vocabulary, and preread the lesson.</p><p>➜ RECAP<br>What happened in the last reading?</p><p>➜ LOCATE<br>⍞ Map Resource: Historical Atlas p.14-15<br>1\. Find Transalpine Gaul and the Rhine River marking the boundary between Gaul and Germania. <br>2\. Notice that Germania is entirely outside the Roman pink. This is the boundary Caesar was about to push.</p><p>➜ VIEW &amp; PRACTICE<br>Review the vocabulary section before each lesson to familiarize yourself with unfamiliar terms. It may be helpful for students to write definitions into the text, so they do not have to review terms mid-lesson.</p><p>➜ READ &amp; NARRATE<br>Lesson Three: Parts One - Three p.19-23</p><p>• Once finished, ask, &quot;What do you remember?&quot; and &quot;What else?&quot; Keep narration to 2-3 minutes.</p><p>➜ DISCUSS: Character Simulator<br>You are one of Caesar's soldiers who has watched him for days while he was ill and exhausted. Tonight he is sick again. What do you think about his choices while chronically ill (p.22)?</p><p>➜ WRITE (Optional Citizenship Notebook Exercise)<br>Describe the different ways Caesar and his companions responded to the dish served by their host in Milan (p.23).</p><p>────────────────────<br>ADDITIONAL NOTES<br>────────────────────</p><p>• CULTURAL CONNECTION<br>Sweet Ointment: also translated &quot;oil of perfume&quot; or &quot;myrrh.&quot; It appears that Valerius Leo hadn't just pulled out the wrong bottle of salad dressing, but rather that he was trying to show off his wealth. The reference to the host's want of breeding seems to confirm that.</p><p>• CHARACTERS<br>-Servilius Caepio (ser-VIL-ee-us, SEE-pee-oh): engaged to Caesar's daughter, Julia</p><p>-Piso (PEE-so): consul in 58 BC</p><p>-Clodius (KLOH-dee-us): interrupted a women's religious ritual and was the cause of Caesar's divorce from Pompeia</p>","<p>★ TEACHER NOTE<br>Germania was entirely outside Roman control.<br>- The Rhine was the line Caesar pushed against, even crossing it twice (in 55 BC and 53 BC) to build famous bridges and conduct show of force expeditions.<br>- Despite these incursions, Rome never successfully turned the main body of Germania into a permanent province, even in the centuries following Caesar.</p>","","Lesson","0","FALSE"
"alveary-recLxHIpB9s53QHpZ","Import is Current","alveary-recCFyOMxlLAam8y3","4","1","30m Plutarch: Grades 6-8 - Lesson 4","<p>Julius Caesar<br>⍞ Materials: The Plutarch Project Volume 3, Historical Atlas</p><p>PREP: Read the introduction, review vocabulary, and preread the lesson.</p><p>➜ RECAP<br>What happened in the last reading?</p><p>➜ LOCATE<br>⍞ Map Resource: Historical Atlas p.14-15<br>1\. Find the Rhine separating Gaul from Germania. <br>2\. Find Cisalpine Gaul south of the Alps. <br>3\. Trace north from Cisalpine Gaul all the way to the Rhine. This is the distance those men were willing to march.</p><p>➜ VIEW &amp; PRACTICE<br>Review the vocabulary section before each lesson to familiarize yourself with unfamiliar terms. It may be helpful for students to write definitions into the text, so they do not have to review terms mid-lesson.</p><p>➜ READ &amp; NARRATE<br>Lesson Four: Parts One - Four p.26-30</p><p>• Once finished, ask, &quot;What do you remember?&quot; and &quot;What else?&quot; Keep narration to 2-3 minutes.</p><p>➜ DISCUSS: Character Simulator<br>Caesar &quot;never failed to dismiss all with present pledges of his kindness in hand, and further hopes for the future&quot; (p.29). As one of his soldiers, you've just watched him march over a bridge of fallen soldiers. Now, he stands before you, gives you gold, and speaks of the future with hope. How do you make sense of the leader you saw at the river and the generous, hopeful man standing in front of you now?</p><p>➜ WRITE (Optional Citizenship Notebook Exercise)<br>Caesar &quot;commanded them that were afraid, that they should depart home, and not put themselves in danger against their wills&quot; (p.27-28). How would you respond if you were one of the &quot;young gentlemen of noble houses of Rome, who thought to have gone to the wars with him as only for their pleasure and gain&quot; and Caesar was sending you home (p.27)?</p><p>────────────────────<br>ADDITIONAL NOTES<br>────────────────────</p><p>• CHARACTERS<br>-Labienus (lay-bee-EE-nuhs): tribune, one of Caesar's lieutenants, but a supporter of Pompey</p><p>-Ariovistus (ar-ee-oh-VIS-təs): leader of the Suebi people, one of a group of Germanic tribes</p>","","","Lesson","0","FALSE"
"alveary-recLxHIpB9s53QHpZ","Import is Current","alveary-rectNhXgYKlksi192","5","1","30m Plutarch: Grades 6-8 - Lesson 5","<p>Julius Caesar<br>⍞ Materials: The Plutarch Project Volume 3, Historical Atlas</p><p>PREP: Read the introduction, review vocabulary, and preread the lesson.</p><p>➜ RECAP<br>What happened in the last reading?</p><p>➜ LOCATE<br>⍞ Map Resource: Historical Atlas p.14-15<br>1\. Find Arverni**,** where Vercingetorix and the Arverni lived. <br>2\. Find Alesia. Notice the rivers and terrain, and consider why Caesar chose to build where he did.</p><p>➜ VIEW &amp; PRACTICE<br>Review the vocabulary section before each lesson to familiarize yourself with unfamiliar terms. It may be helpful for students to write definitions into the text, so they do not have to review terms mid-lesson.</p><p>➜ READ &amp; NARRATE<br>Lesson Five: Parts One - Two p.32-36</p><p>• Once finished, ask, &quot;What do you remember?&quot; and &quot;What else?&quot; Keep narration to 2-3 minutes.</p><p>➜ DISCUSS: Character Simulator<br>You are Vercingetorix, riding out of the gates of Alesia in full armor to give yourself up. What do you think about the choice you are making?</p><p>➜ WRITE (Optional Citizenship Notebook Exercise)<br>Look closely at the rivers surrounding Alesia. How might these help a general trying to keep an army from escaping?</p><p>────────────────────<br>ADDITIONAL NOTES<br>────────────────────</p><p>• CHARACTERS<br>-Ambiorix (am-bee-OR-iks): leader of the Eburones from Gaul</p><p>-Quintus Tullius Cicero (KWIN-tuss, TUL-lee-uss, SIS-er-oh): military leader during Caesar's Gallic Wars</p><p>-Vercingetorix (VUR-sin-JET-uh-riks): king of the captured Arverni tribe</p>","","","Lesson","0","FALSE"
"alveary-recLxHIpB9s53QHpZ","Import is Current","alveary-recooWq81w9lqqnXr","6","1","30m Plutarch: Grades 6-8 - Lesson 6","<p>Julius Caesar<br>⍞ Materials: The Plutarch Project Volume 3, Historical Atlas</p><p>PREP: Read the introduction, review vocabulary, and preread the lesson.</p><p>➜ RECAP<br>What happened in the last reading?</p><p>➜ LOCATE<br>⍞ Map Resource: Historical Atlas p.14-15<br>1\. Find the Rubicon. <br>2\. Locate Brundisium on the Adriatic coast. <br>3\. Find Dyrrhachium across the Ionian Sea and notice the distance Caesar was asking his army to cross. <br>4\. Consider the risk of moving a massive force across that stretch of the Ionian Sea while being hunted by an enemy fleet.</p><p>➜ VIEW &amp; PRACTICE<br>Review the vocabulary section before each lesson to familiarize yourself with unfamiliar terms. It may be helpful for students to write definitions into the text, so they do not have to review terms mid-lesson.</p><p>➜ READ &amp; NARRATE<br>Lesson Six: Parts One - Two p.38-42</p><p>• Once finished, ask, &quot;What do you remember?&quot; and &quot;What else?&quot; Keep narration to 2-3 minutes.</p><p>➜ DISCUSS: Character Simulator<br>You are Asinius Pollio, standing beside Caesar at the Rubicon while he talks through what crossing will mean. What do you think as you listen to him (p.41-42)?</p><p>➜ WRITE (Optional Citizenship Notebook Exercise)<br>On the banks of the Rubicon, Caesar's abstract plan shifts to the reality of the action. Describe what he sees and feels in that moment of doubt as he considers the &quot;desperateness of his attempt&quot; (p.41).</p><p>────────────────────<br>ADDITIONAL NOTES<br>────────────────────</p><p>• CHARACTERS<br>-Antony (AN-tuh-nee): Mark Antony</p><p>-Scipio (SIH-pih-oh): senator, consul, and military commander</p><p>-Lentulus (LEN-tyoo-lus): consul</p><p>-Asinius Pollio (uh-SIN-ee-us, POL-ee-oh): Roman orator and historian</p>","","","Lesson","0","FALSE"
"alveary-recLxHIpB9s53QHpZ","Import is Current","alveary-rec9NnYBXNJxbAwif","7","1","30m Plutarch: Grades 6-8 - Lesson 7","<p>Julius Caesar p.42-50<br>⍞ Materials: The Plutarch Project Volume 3, Historical Atlas</p><p>PREP: Read the introduction, review vocabulary, and preread the lesson.</p><p>➜ RECAP<br>What happened in the last reading?</p><p>➜ LOCATE<br>⍞ Map Resource: Historical Atlas p.14-15<br>1\. Trace the route Caesar used to move through Italy in sixty days without a major battle. <br>2\. Find Corfinium, where Domitius surrendered. <br>3\. Locate Brundisium, where Pompey escaped by sea.</p><p>➜ VIEW &amp; PRACTICE<br>Review the vocabulary section before each lesson to familiarize yourself with unfamiliar terms. It may be helpful for students to write definitions into the text, so they do not have to review terms mid-lesson.</p><p>➜ READ &amp; NARRATE<br>Lesson Seven: Parts One - Four p.45-49</p><p>• Once finished, ask, &quot;What do you remember?&quot; and &quot;What else?&quot; Keep narration to 2-3 minutes.</p><p>➜ DISCUSS: Character Simulator<br>You are Labienus, Caesar's most trusted general for ten years, the night you walked out of his camp for the last time. What do you think about the man you are leaving (p.46)?</p><p>➜ WRITE (Optional Citizenship Notebook Exercise)<br>Caesar said, &quot;Time of war and law are two things&quot; (p.47). What does he mean?</p><p>────────────────────<br>ADDITIONAL NOTES<br>────────────────────</p><p>• CHARACTERS<br>-Domitius (duh-MISH-ee-uhs): enemy of Caesar and Cato's brother-in-law</p><p>-Publius Servilius Isauricus (PUB-lee-uhs,  ser-VIL-ee-uhs, eye-SAWR-ih-kuhs): co-consul and friend of Caesar</p>","","","Lesson","0","FALSE"
"alveary-recLxHIpB9s53QHpZ","Import is Current","alveary-rec2iosrj0bdkvoZH","8","1","30m Plutarch: Grades 6-8 - Lesson 8","<p>Julius Caesar<br>⍞ Materials: The Plutarch Project Volume 3, Historical Atlas</p><p>PREP: Read the introduction, review vocabulary, and preread the lesson.</p><p>➜ RECAP<br>What happened in the last reading?</p><p>➜ LOCATE<br>⍞ Map Resource: Historical Atlas p.14-15<br>1\. Find the city of Rome in Italy and cross the Adriatic Sea to the province of Macedonia, the rugged region where the Battle of Pharsalus was fought. <br>2\. Find Pharsalus. <br>3\. Trace the coastline south to Alexandria and the Kingdom of the Ptolemies, where the defeated Pompey eventually fled for refuge. <br>4\. These are the locations where the future of the Roman world was decided as Caesar pursued his rival across the Mediterranean.</p><p>➜ VIEW &amp; PRACTICE<br>Review the vocabulary section before each lesson to familiarize yourself with unfamiliar terms. It may be helpful for students to write definitions into the text, so they do not have to review terms mid-lesson.</p><p>➜ READ &amp; NARRATE<br>Lesson Eight, Parts One - Three p.51-56</p><p>• Once finished, ask, &quot;What do you remember?&quot; and &quot;What else?&quot; Keep narration to 2-3 minutes.</p><p>➜ DISCUSS: Character Simulator<br>You are one of Caesar's soldiers who ran to meet him when he returned to shore, and you are angry. Your general just risked his life sneaking across a war zone in a twelve-oar boat dressed as a slave, without telling anyone. What specifically bothers you about what he did, and what does your reaction say about what you believe a leader owes the people who follow him?</p><p>➜ WRITE (Optional Citizenship Notebook Exercise)<br>Caesar's plan to aim at the faces of the young cavalrymen worked because he thought carefully about who they actually were, not just what they were doing on the battlefield. Describe a conflict or disagreement you have had where understanding the other person's specific fears or weaknesses would have changed how you approached the situation.</p><p>────────────────────<br>ADDITIONAL NOTES<br>────────────────────</p><p>• CHARACTERS<br>-Spinther (SPIN-ther): nickname for Publius Cornelius Lentulus</p><p>-Gnaeus Domitius Calvinus (NEE-us, doh-MISH-ee-us, cal-VYE-nus): general and consul and loyal to Caesar</p><p>-Quintus Cornificus (KWIN-tus, cor-NIF-ih-kus): quaestor for Illyricum</p><p>-Calenus (kuh-LEE-nuhs): Roman general and conusl</p>","<p>★ TEACHER NOTE<br>The writing prompt is slightly uncomfortable by design, because understanding someone's fears in order to respond more effectively sits right on the edge between wisdom and manipulation.</p>","","Lesson","0","FALSE"
"alveary-recLxHIpB9s53QHpZ","Import is Current","alveary-recNtAwmoGxvZ6XsC","9","1","30m Plutarch: Grades 6-8 - Lesson 9","<p>Julius Caesar<br>⍞ Materials: The Plutarch Project Volume 3, Historical Atlas</p><p>PREP: Read the introduction, review vocabulary, and preread the lesson.</p><p>➜ RECAP<br>What happened in the last reading?</p><p>➜ LOCATE<br>⍞ Map Resource: Historical Atlas p.14-15<br>1\. Find Alexandria on its Mediterranean coast. This is where Caesar spent months managing a dangerous court, a burning library, a treacherous eunuch, and a queen smuggled in through a castle gate in a bundle. He nearly drowned here. <br>2\. Move northeast into Syria, which Caesar passed through on his way to deal with the next problem before the Egyptian one was fully settled. <br>3\. Find Pontus on the southern shore of the Black Sea. This is where Pharnaces had overrun Roman territory while Caesar was occupied in Alexandria. Caesar arrived, fought, and sent a three-word letter back to Rome. The whole thing was over before the letter arrived.</p><p>➜ VIEW &amp; PRACTICE<br>Review the vocabulary section before each lesson to familiarize yourself with unfamiliar terms. It may be helpful for students to write definitions into the text, so they do not have to review terms mid-lesson.</p><p>➜ READ &amp; NARRATE<br>Lesson Nine: Parts One - Three p.58-61</p><p>• Once finished, ask, &quot;What do you remember?&quot; and &quot;What else?&quot; Keep narration to 2-3 minutes.</p><p>➜ DISCUSS: Character Simulator<br>You are one of Pompey's soldiers who has just been taken prisoner and is now being folded into Caesar's legions. Yesterday, you were fighting against this man. Today, he is your general. What do you do with that, and what would you need to see from him before you trusted him (p.58-59)?</p><p>➜ WRITE (Optional Citizenship Notebook Exercise): Pick 1<br>Caesar &quot;daily saved the lives of some of his countrymen that bore arms against him&quot; and considered this the greatest pleasure of his victory. Think of a conflict, whether between people, groups, or ideas, where the most meaningful thing a winner could do afterward was show restraint or generosity. What makes that kind of choice hard, and what makes it worth it (p.59)?</p><p>&quot;Veni, Vidi, Vici&quot; worked because it was short, precise, and matched the reality of what had actually happened. Think of a time when you had to report something, explain yourself, or sum up a complicated situation for someone else. What is lost when we say too much, and what is lost when we say too little (p.61)?</p><p>────────────────────<br>ADDITIONAL NOTES<br>────────────────────</p><p>• CHARACTERS<br>-Cleopatra (KLEE-oh-PA-truh): co-ruler of Egypt with her brother, Ptolemy XIV</p><p>-Pothinus the Eunuch (PAH-thin-uhs): high-ranking servant of King Ptolemy XIII and regent of Ptolemy XIV</p><p>-Achillas (uh-KILL-uhss): guardian of King Ptolemy and one of the murderers of Pompey</p><p>-Caesarion (see-ZAR-ee-on): Caesar's son and last pharaoh of Egypt</p><p>-Pharnaces (FAR-nuh-seez): his father conquered many territories, including Bithynia and Cappadocia</p>","","","Lesson","0","FALSE"
"alveary-recLxHIpB9s53QHpZ","Import is Current","alveary-recQ00rKYQeHJGWyl","10","1","30m Plutarch: Grades 6-8 - Lesson 10","<p>Julius Caesar<br>⍞ Materials: The Plutarch Project Volume 3, Historical Atlas</p><p>PREP: Read the introduction, review vocabulary, and preread the lesson.</p><p>➜ RECAP<br>What happened in the last reading?</p><p>➜ LOCATE<br>⍞ Map Resource: Historical Atlas p.14-15<br>1\. Find Sicily, where Caesar camped on the seashore in winter to cut off any thought of delay. <br>2\. Then trace his crossing south to the African coast and the battle at Thapsus, where three camps fell in a single day. <br>3\. Follow him back to Rome for the triumphs and the honors, then west to Spain and the battle at Munda, where Pompey's sons nearly killed him, and back to Rome again. He covered all of this inside two years.</p><p>➜ VIEW &amp; PRACTICE<br>Review the vocabulary section before each lesson to familiarize yourself with unfamiliar terms. It may be helpful for students to write definitions into the text, so they do not have to review terms mid-lesson.</p><p>➜ READ &amp; NARRATE<br>Lesson Ten: Parts One - Three p.64-68</p><p>• Once finished, ask, &quot;What do you remember?&quot; and &quot;What else?&quot; Keep narration to 2-3 minutes.</p><p>➜ DISCUSS: Character Simulator<br>You are one of Caesar's friends who has just urged him to accept a personal bodyguard, and he has refused, saying it is &quot;better to die once than always to be afraid of death.&quot; You believe there are real plots against him. How would you respond to his answer (p.68)?</p><p>➜ WRITE (Optional Citizenship Notebook Exercise)<br>Caesar put a man of the right family name at the head of his troops specifically to counter an oracle his enemies believed in. He may have been mocking it, or he may have been sincere; Plutarch says it is hard to tell. Think about a time when you did something that could have been interpreted two very different ways depending on who was watching. Do your intentions fully determine the meaning of an action, or does it matter how others read it (p.65)?</p><p>────────────────────<br>ADDITIONAL NOTES<br>────────────────────</p><p>• CHARACTERS<br>-Scipio (SIH-pih-oh): senator, consul, and military commander</p><p>-King Juba I (JOO-buh): King of Numidia</p><p>-Gaius Asinius Pollio (GAY-us, uh-SIN-ee-us, PAHL-ee-oh): soldier, politician, historian, and writer</p><p>-Afranius (uh-FRAY-nee-us): former consul and Pompey's lieutenant in Spain</p><p>-Juba II (JOO-buh): King of Numidia and Mauretania, scholar and author, raised in Rome by Caesar and his nephew</p>","","","Lesson","0","FALSE"
"alveary-recLxHIpB9s53QHpZ","Import is Current","alveary-recTFKrgG2CblcJvm","11","1","30m Plutarch: Grades 6-8 - Lesson 11","<p>Julius Caesar<br>⍞ Materials: The Plutarch Project Volume 3, Historical Atlas</p><p>PREP: Read the introduction, review vocabulary, and preread the lesson.</p><p>➜ RECAP<br>What happened in the last reading?</p><p>➜ LOCATE<br>⍞ Map Resource: Historical Atlas p.14-15<br>1\. Find Rome**.** Now stay there, because that is where the entire lesson takes place. After a life of crossing seas and marching through impassable terrain, the whole lesson fits inside a single city. <br>2\. Find Philippi in Macedonia, where Brutus and Cassius died by their own hands. <br>3\. Trace the distance between those two points.</p><p>➜ VIEW &amp; PRACTICE<br>Review the vocabulary section before each lesson to familiarize yourself with unfamiliar terms. It may be helpful for students to write definitions into the text, so they do not have to review terms mid-lesson.</p><p>➜ READ &amp; NARRATE<br>Lesson Eleven: Parts One - Three p.70-74 and Lesson Twelve: Parts One - Epilogue p.77-82</p><p>• Once finished, ask, &quot;What do you remember?&quot; and &quot;What else?&quot; Keep narration to 2-3 minutes.</p><p>➜ DISCUSS: Character Simulator: Pick 1<br>You are a senator who walked out when Caesar refused to stand up to greet you. You said nothing. You just left. What were you communicating, and do you think he understood it?</p><p>You are Caesar in the moment before you cover your face and give up. You have fought off the others. You are still standing. And then you see Brutus. Something finally stops all the fight in you. You have outrun everything your whole life. What is it that you are finally deciding to stop outrunning (p.78)?</p><p>➜ WRITE (Optional Citizenship Notebook Exercise): Pick 1<br>You have served Caesar since his early campaigns. You have watched him win in Gaul, survive civil war, defeat Pompey, and return to Rome in triumph. He is now planning new campaigns as if none of it had happened. What does it feel like to follow a man who cannot stop? What do you think he is still looking for?</p><p>The crowd killed Cinna the poet because he had the same name as Cinna the conspirator. He tried to tell them who he was, and it made no difference. Think about a situation where a person was judged entirely by something they had no control over. What does that kind of mistake reveal about what happens to people's judgment when they are driven by grief or rage (p.80)?</p><p>────────────────────<br>ADDITIONAL NOTES<br>────────────────────</p><p>• CHARACTERS<br>-Brutus (BROO-tuss): wanted to preserve the Roman Republic and allied with a group of senators to murder Caesar</p><p>-Tillius Cimber (TIL-ee-us, SIM-ber): called Metellus Cimber in Shakespeare's play</p><p>-Casca (KAS-kuh): struck the first blow in the murder of Caesar</p><p>-Octavius Caesar (ok-TAY-vee-us, SEE-zer): later known as Caesar Augustus</p>","","","Lesson","0","FALSE"
"alveary-recLxHIpB9s53QHpZ","Import is Current","alveary-rec0k6lUVj3Byw5P8","12","1","30m Plutarch: Grades 6-8 - Lesson 12","<p>Exam Week</p><p>➜ EXAMS<br>Answer question(s) related to the course.</p><p>Questions will come from: <br>The Plutarch Project Volume 3</p>","<p>★ Plutarch: Grades 6-8 — TERM 1 EXAM QUESTIONS<br>· You have followed Caesar from his early campaigns through every battle, every crisis, every triumph, and into Rome at the end. You have watched him grab sailors, swim through fire, feed horses seaweed, pardon enemies, refuse bodyguards, and finally cover his face and stop when he saw Brutus. Looking at the whole of what you witnessed: what did this man actually want, and did he ever get it? OR<br> You are a Roman citizen who lived through all of it. Caesar was on the wrong side as a young man, nearly drowned escaping, nearly starved at Pharsalus, made himself dictator for life, died in the Senate chamber, and was declared a god three days later. The city burned. The men who killed him were hunted to their deaths. Now it is quiet. Was Rome better or worse for having had him? Why?</p>","","Exam","0","FALSE"
"alveary-recLxHIpB9s53QHpZ","Import is Current","alveary-recv7CHXN7ire6H0w","13","1","30m Plutarch: Grades 6-8 - Lesson 13","<p>Agis and Cleomenes<br>⍞ Materials: The Plutarch Project Volume 3, Historical Atlas</p><p>PREP: <br>We highly recommend reading a retelling so you can be familiar with the story. This is for your understanding and should not be read to the students. <br>∞ Link: Our Young Folks' Plutarch - Agis<br>∞ Link: Our Young Folks' Plutarch - Cleomenes<br>• Read the introduction, review vocabulary, and preread the lesson.</p><p>➜ VIEW<br>∞ Link: Agis Video</p><p>➜ INTRO <br>Have you ever heard of Sparta? If so, what do you know about it? What do you think made Sparta different from other ancient Greek cities?</p><p>➜ LOCATE<br>⍞Map Resource: Historical Atlas p.7<br>1\. Find Sparta in the southern part of Greece, tucked between the Laconian Gulf to the east and the Messenian Gulf to the west. <br>2\. Now find Laconia, the region surrounding Sparta, and Messenia to its west. <br>3\. Find Corinth at the narrow neck of land connecting the southern peninsula to the rest of Greece. <br>4\. Agis's story takes place in this region.</p><p>➜ VIEW &amp; PRACTICE<br>Review the vocabulary section before each lesson to familiarize yourself with unfamiliar terms. It may be helpful for students to write definitions into the text, so they do not have to review terms mid-lesson.</p><p>➜ READ &amp; NARRATE<br>Introduction and Lesson One: Parts One - Two p.84-93 and Lesson Two: Parts One - Three p.96-99</p><p>• Once finished, ask, &quot;What do you remember?&quot; and &quot;What else?&quot; Keep narration to 2-3 minutes.</p><p>➜ DISCUSS: Character Simulator: Pick 1<br>Agis is not yet twenty years old. He has grown up with wealth and comfort provided by his mother and grandmother, the richest women in Sparta. Plutarch says he &quot;began to spurn against these womanish delights and pleasures&quot; and chose the plain Spartan life instead. Nobody made him do this. What do you think happened inside him, and what does his choice tell you about what kind of person he was becoming (p.91)?</p><p>Agis's mother and grandmother were the richest women in Sparta and had the most to lose from his reforms. They opposed him at first. Then something changed, and they not only consented but became his most vocal supporters, willing to give up their own wealth for his cause. What do you think changed their minds? What does their behavior tell you about those women (p.96)?</p><p>➜ WRITE (Optional Citizenship Notebook Exercise): Pick 1<br>Agis &quot;openly boasted besides, that he would not desire to be king, but only for the hope he had to restore the ancient Laconian life by his authority&quot; (p.91). What do you think he meant?</p><p>Agesilaus persuaded Agis to cancel the debts first and divide the land later, arguing that doing both at once might cause dangerous commotion. Then, Plutarch reveals his motives, &quot;Agesilaus...having the best lands of any man in the country, and owing a great sum of money besides, would neither pay his debts, nor let go his land&quot; (p.99). Think about the difference between counsel and manipulation. How do you learn to tell the difference when someone gives you advice?</p><p>────────────────────<br>ADDITIONAL NOTES<br>────────────────────</p><p>• CHARACTERS<br>-Agis (AY-jis): young king of Sparta</p><p>-Agesilaus #1 (uh-JESS-uh-LAY-uhs): former king of Sparta</p><p>-Pausanias (paw-SAY-nee-uhs): general and regent to the king in the 5th century</p><p>-Seleucus (suh-LOO-kuhs): a former general of Alexander the Great</p><p>-Lycurgus #1 (lie-KUR-gus): according to legend, was the lawgiver of Sparta</p><p>-Lysander (ly-SAN-der): not the famous general, just named similarly</p><p>-Agesilaus #2 (uh-JESS-uh-LAY-uhs): also spelled Agylaeus, was the uncle of Agis</p><p>-Ptolemy III, #1 (TAH-luh-mee): the king of Egypt</p><p>-Cleombrotus (klee-OM-broh-təs): king and son-in-law of Leonidas</p>","","https://planning.alveary.org/links.html?id=recLxHIpB9s53QHpZ&term=2&week=13","Lesson","0","FALSE"
"alveary-recLxHIpB9s53QHpZ","Import is Current","alveary-recEss3V64ccYZneq","14","1","30m Plutarch: Grades 6-8 - Lesson 14","<p>Agis and Cleomenes<br>⍞ Materials: The Plutarch Project Volume 3, Historical Atlas</p><p>PREP: Read the introduction, review vocabulary, and preread the lesson.</p><p>➜ RECAP<br>What happened in the last reading?</p><p>➜ LOCATE<br>⍞ Map Resource: Historical Atlas p.7<br>1\. Find Megara and Corinth. <br>2\. The narrow strip of land between them is the Isthmus of Corinth, where the sea presses in from both sides (the Saronic Gulf and the Gulf of Corinth). The large peninsula below Corinth is the Peloponnese. <br>3\. Neither label appears on this map, but you can see the shape clearly. Sparta is in the Southern Peloponnese region. This is the route Agis marched north with his young army to assist the Achaeans.</p><p>➜ VIEW &amp; PRACTICE<br>Review the vocabulary section before each lesson to familiarize yourself with unfamiliar terms. It may be helpful for students to write definitions into the text, so they do not have to review terms mid-lesson.</p><p>➜ READ &amp; NARRATE<br>Lesson Three: Parts One - Three p.102-106</p><p>• Once finished, ask, &quot;What do you remember?&quot; and &quot;What else?&quot; Keep narration to 2-3 minutes.</p><p>➜ DISCUSS: Character Simulator<br>Agis was led to his death by men pretending to be his friends. When the moment came, he saw a sergeant weeping for him and said, &quot;Good fellow, I pray thee weep not for me, for I am honester man than they that so shamefully put me to death&quot; (p.106). He was twenty years old. What do you notice about that moment?</p><p>➜ WRITE<br>When the ephor asked if Agis repented of what he had done, he answered that &quot;he would never repent him of so wise and virtuous an enterprise, though he ventured his life for it&quot; (p.105-106). What do you think about that answer?</p><p>────────────────────<br>ADDITIONAL NOTES<br>────────────────────</p><p>• CHARACTERS<br>-Aratus (uh-RAY-tuhs): elected general of the Achaean League seventeen times</p>","<p>★ TEACHER NOTE<br>This week's lesson may feel heavy for some students. An honorable man dies with integrity.</p>","","Lesson","0","FALSE"
"alveary-recLxHIpB9s53QHpZ","Import is Current","alveary-recAGB0GkjJucDMTS","15","1","30m Plutarch: Grades 6-8 - Lesson 15","<p>Agis and Cleomenes<br>⍞ Materials: The Plutarch Project Volume 3, Historical Atlas</p><p>PREP: Read the introduction, review vocabulary, and preread the lesson.</p><p>➜ VIEW<br>∞ Video Link: Cleomenes Video</p><p>➜ RECAP<br>What happened in the last reading?</p><p>➜ LOCATE<br>⍞ Map Resource: Historical Atlas p.7<br>Find Sparta. That's where this lesson takes place.</p><p>➜ VIEW &amp; PRACTICE<br>Review the vocabulary section before each lesson to familiarize yourself with unfamiliar terms. It may be helpful for students to write definitions into the text, so they do not have to review terms mid-lesson.</p><p>➜ READ &amp; NARRATE<br>Lesson Four: Parts One - Two p.109-111</p><p>• Once finished, ask, &quot;What do you remember?&quot; and &quot;What else?&quot; Keep narration to 2-3 minutes.</p><p>➜ DISCUSS: Character Simulator<br>Cleomenes married Agiatis against her will, yet &quot;immediately after he was married unto her, fell greatly in fancy with her, and for compassion's sake he thanked her for the love she bore unto her first husband&quot; (p.109). What does that tell you about him?</p><p>➜ WRITE<br>Plutarch says Cleomenes and Agis were alike in many ways, but that Cleomenes had &quot;something of heat and passion always goading him on, and an impetuosity and violence in his eagerness to pursue anything which he thought good and just&quot; (p.109). Do you think that is a strength or a weakness? Explain your answer.</p><p>────────────────────<br>ADDITIONAL NOTES<br>────────────────────</p><p>• CHARACTERS<br>-Archidamus (AAR-kih-DAY-mus): second in line to the Agiad throne</p><p>-Sphaerus (SFEE-rus): a Stoic philosopher</p><p>-Zeno of Citium (ZEE-noh, SISH-ee-um): founder of the Stoic school of philosophy</p>","","https://planning.alveary.org/links.html?id=recLxHIpB9s53QHpZ&term=2&week=15","Lesson","0","FALSE"
"alveary-recLxHIpB9s53QHpZ","Import is Current","alveary-recuPqn2Q61NIDACu","16","1","30m Plutarch: Grades 6-8 - Lesson 16","<p>Agis and Cleomenes<br>⍞ Materials: The Plutarch Project Volume 3, Historical Atlas</p><p>PREP: Read the introduction, review vocabulary, and preread the lesson.</p><p>➜ RECAP<br>What happened in the last reading?</p><p>➜ LOCATE<br>⍞ Map Resource: Historical Atlas p.7<br>1\. Find Arcadia, the highland region in the center of the peninsula. <br>2\. Find Argos to its east and Mantinea within it. <br>3\. This is the terrain Cleomenes is moving through in this lesson.</p><p>➜ VIEW &amp; PRACTICE<br>Review the vocabulary section before each lesson to familiarize yourself with unfamiliar terms. It may be helpful for students to write definitions into the text, so they do not have to review terms mid-lesson.</p><p>➜ READ &amp; NARRATE<br>Lesson Five: Parts One - Four p.114-117</p><p>• Once finished, ask, &quot;What do you remember?&quot; and &quot;What else?&quot; Keep narration to 2-3 minutes.</p><p>➜ DISCUSS: Character Simulator<br>Plutarch says that when Archidamus was murdered, Cleomenes and his friends &quot;were most blamed, as having forced his consent&quot; (p.115). What do you think that means?</p><p>➜ WRITE<br>After killing Lydiadas in battle, Cleomenes &quot;caused it to be brought unto him, and putting a purple robe upon it, and a crown on his head, sent it in this array unto the very gates of the city of Megalopolis&quot; (p.116). What does that tell you about Cleomenes?</p><p>────────────────────<br>ADDITIONAL NOTES<br>────────────────────</p><p>• CHARACTERS<br>-Lydiadas (li-DYE-uh-dus): former ruler of Megalopolis, elected general of the Achaean League three times</p><p>-Aristomachus (uh-RIS-tuh-MAH-kus): newly elected general of the Achaean League</p><p>-Agesilaus #2 (uh-JESS-uh-LAY-uhs): uncle of Agis</p>","","","Lesson","0","FALSE"
"alveary-recLxHIpB9s53QHpZ","Import is Current","alveary-recF1hHXONpaJZBsV","17","1","30m Plutarch: Grades 6-8 - Lesson 17","<p>Agis and Cleomenes<br>⍞ Materials: The Plutarch Project Volume 3, Historical Atlas</p><p>PREP: Read the introduction, review vocabulary, and preread the lesson.</p><p>➜ RECAP<br>What happened in the last reading?</p><p>➜ LOCATE<br>⍞ Map Resource: Historical Atlas p.7<br>1\. Find Sparta. <br>2\. Now find the surrounding region of Laconia. To the north is Arcadia, to the east is Argolis, to the west is Messenia. <br>3\. These are the regions Cleomenes must hold together as king.</p><p>➜ VIEW &amp; PRACTICE<br>Review the vocabulary section before each lesson to familiarize yourself with unfamiliar terms. It may be helpful for students to write definitions into the text, so they do not have to review terms mid-lesson.</p><p>➜ READ &amp; NARRATE<br>Lesson Six: Parts One - Two p.119-122</p><p>• Once finished, ask, &quot;What do you remember?&quot; and &quot;What else?&quot; Keep narration to 2-3 minutes.</p><p>➜ DISCUSS: Character Simulator<br>You are a citizen of Sparta watching Cleomenes give his speech and then immediately give up all his own wealth before asking anyone else to. &quot;Himself first, with his step-father, Megistonus, and his friends, gave up all their wealth into one public stock, and all the other citizens followed the example&quot; (p.120). What do you think about that?</p><p>➜ WRITE<br>Cleomenes believed &quot;there was no other difference betwixt a friend and a mercenary: but that the one is won with money, and the other with civility and good entertainment&quot; (p.122). Do you agree?</p><p>────────────────────<br>ADDITIONAL NOTES<br>────────────────────</p><p>• CHARACTERS<br>-Cleomenes (Klee-OM-in-eez): the last of the reforming Spartan kings</p><p>-Sphaerus the Philosopher (SFEE-rus): a Stoic philosopher</p><p>-Eucleidas (yoo-KLY-dəs): ruled with his brother Cleomenes</p>","","","Lesson","0","FALSE"
"alveary-recLxHIpB9s53QHpZ","Import is Current","alveary-recDGemsiIA9ZRVYx","18","1","30m Plutarch: Grades 6-8 - Lesson 18","<p>Agis and Cleomenes<br>⍞ Materials: The Plutarch Project Volume 3, Historical Atlas</p><p>PREP: Read the introduction, review vocabulary, and preread the lesson.</p><p>➜ RECAP<br>What happened in the last reading?</p><p>➜ LOCATE<br>⍞ Map Resource: Historical Atlas p.7<br>1\. Find Corinth at the top of the Peloponnese. <br>2\. Find Argos to its south. <br>3\. Find the Isthmus of Corinth (see Lesson 15). Cleomenes is moving across the northern Peloponnese, winning city after city, until the question of the Isthmus becomes the question of Greece.</p><p>➜ VIEW &amp; PRACTICE<br>Review the vocabulary section before each lesson to familiarize yourself with unfamiliar terms. It may be helpful for students to write definitions into the text, so they do not have to review terms mid-lesson.</p><p>➜ READ &amp; NARRATE<br>Lesson Seven: Parts One - Two p.124-127</p><p>• Once finished, ask, &quot;What do you remember?&quot; + &quot;What else?&quot; Keep narration to 2-3 minutes.</p><p>➜ DISCUSS: Character Simulator<br>Plutarch pauses the story to say he writes about Aratus's failure &quot;not out of any design to disgrace Aratus, for in many things he showed himself a true lover of Greece, and a great man; but to make us see the frailty and weakness of man's nature&quot; (p.126). He is telling you directly how to read what just happened. What does it mean when the biographer steps into the story and tells you what to think? Does it change how you receive it?</p><p>➜ WRITE<br>You are a Greek citizen watching Aratus bring Antigonus and the Macedonians into the Peloponnese. Plutarch calls it &quot;a practice far unhonest for a Grecian, very infamous for himself, but most dishonourable for the former noble acts he had done&quot; (p.126). What do you think about that?</p><p>────────────────────<br>ADDITIONAL NOTES<br>────────────────────</p><p>• CHARACTERS<br>-Hyperbatas (hy-PUR-buh-tuhs): general of the Achaean League</p><p>-Antigonus (an-TIG-uh-nus): king of Macedon</p>","","","Lesson","0","FALSE"
"alveary-recLxHIpB9s53QHpZ","Import is Current","alveary-recg3bevFaAILY0XQ","19","1","30m Plutarch: Grades 6-8 - Lesson 19","<p>Agis and Cleomenes<br>⍞ Materials: The Plutarch Project Volume 3, Historical Atlas</p><p>PREP: Read the introduction, review vocabulary, and preread the lesson.</p><p>➜ RECAP<br>What happened in the last reading?</p><p>➜ LOCATE<br>⍞ Map Resource: Historical Atlas p.7<br>1\. Find Corinth, Sicyon, and Argos. <br>2\. Now trace south to Sparta. <br>3\. Cleomenes had made himself &quot;master of all Peloponnesus, and now lost all again in as short a time&quot; (p.132, The Plutarch Project Volume 3).</p><p>➜ VIEW &amp; PRACTICE<br>Review the vocabulary section before each lesson to familiarize yourself with unfamiliar terms. It may be helpful for students to write definitions into the text, so they do not have to review terms mid-lesson.</p><p>➜ READ &amp; NARRATE<br>Lesson Eight: Parts One - Four p.129-133</p><p>• Once finished, ask, &quot;What do you remember?&quot; and &quot;What else?&quot; Keep narration to 2-3 minutes.</p><p>➜ DISCUSS: Character Simulator<br>You are one of the men retreating with Cleomenes when news arrives that his wife has died. Plutarch says, &quot;he gave not place unto his sorrow, neither did grief overcome his noble courage, but he used the selfsame voice, apparel, and countenance, that he did before&quot; (p.133). What do you think about that?</p><p>➜ WRITE<br>You are in Argos when the city revolts against Cleomenes because he was &quot;not releasing them from their debts as they expected&quot; (p.132). What do you think about that?</p><p>────────────────────<br>ADDITIONAL NOTES<br>────────────────────</p><p>• CHARACTERS<br>-Megistonus (meh-GISS-tuh-nus): Cleomenes's stepfather</p>","","","Lesson","0","FALSE"
"alveary-recLxHIpB9s53QHpZ","Import is Current","alveary-recP9Ui9lFWnFcZB2","20","1","30m Plutarch: Grades 6-8 - Lesson 20","<p>Agis and Cleomenes<br>⍞ Materials: The Plutarch Project Volume 3, Historical Atlas</p><p>PREP: Read the introduction, review vocabulary, and preread the lesson.</p><p>➜ RECAP<br>What happened in the last reading?</p><p>➜ LOCATE<br>⍞ Map Resource: Historical Atlas p.7<br>1\. Find Megalopolis in Arcadia. <br>2\. Now find the middle prong of the peninsula between the Messenian Gulf and the Laconian Gulf. The tip of that prong, not labeled on this map, is Taenarus, where Cratesiclea boarded a ship for Egypt. <br>3\. Find Cythera, the small island just off that tip.</p><p>➜ VIEW &amp; PRACTICE<br>Review the vocabulary section before each lesson to familiarize yourself with unfamiliar terms. It may be helpful for students to write definitions into the text, so they do not have to review terms mid-lesson.</p><p>➜ READ &amp; NARRATE<br>Lesson Nine: Parts One - Two p.135-138</p><p>• Once finished, ask, &quot;What do you remember?&quot; and &quot;What else?&quot; Keep narration to 2-3 minutes.</p><p>➜ DISCUSS: Character Simulator<br>You are one of the soldiers who watched Cleomenes take Megalopolis. He had &quot;taken strict care that the city should not be plundered&quot; before offering it back to its citizens. When they refused, he destroyed it (p.138). What do you think about what you witnessed?</p><p>➜ WRITE<br>You are standing at the temple door, watching Cratesiclea say goodbye to her son before boarding a ship for Egypt as a hostage. She tells him, &quot;O King of Lacedaemon, let no man see for shame, when we come out of the temple, that we have wept and dishonoured Sparta. For that only is in our power, and for the rest, as it pleaseth the gods, so let it be&quot; (p.135). What do you think about what she chose to say?</p><p>────────────────────<br>ADDITIONAL NOTES<br>────────────────────</p><p>Important Vocabulary - in pledge: as hostages.</p><p>1. They were collateral: They were the price for ships and money.<br>2. They were high-ranking: Only the King’s own mother and children were valuable enough to secure the alliance.<br>3. They were voluntary (in spirit): Cratesiclea views herself not as a victim, but as a Spartan citizen fulfilling a mission that is &quot;profitable for Sparta.&quot;</p><p>• CHARACTERS<br>-Philopoemen (fil-oh-PEE-men): leader of the Achaean League</p><p>-Ptolemy III, #1 (TAH-luh-mee): king of Egypt, died soon after Cleomenes's arrival</p><p>-Panteus (PAN-tee-us): friend of Cleomenes</p>","<p>★ TEACHER NOTE<br>&quot;Ptolemy (#1)...promised him aid, but upon demand to have his mother and children in pledge.&quot;</p>","","Lesson","0","FALSE"
"alveary-recLxHIpB9s53QHpZ","Import is Current","alveary-recCyZVuzCEZBfOhu","21","1","30m Plutarch: Grades 6-8 - Lesson 21","<p>Agis and Cleomenes<br>⍞ Materials: The Plutarch Project Volume 3, Historical Atlas</p><p>PREP: Read the introduction, review vocabulary, and preread the lesson.</p><p>➜ RECAP<br>What happened in the last reading?</p><p>➜ LOCATE<br>⍞ Map Resource: Historical Atlas p.7<br>1\. Find Argos and the territory around it, where Cleomenes marched twice to shame Antigonus into fighting or force him to lose face. <br>2\. Now find Sellasia, just north of Sparta. This is where the final battle took place, almost within sight of home.</p><p>➜ VIEW &amp; PRACTICE<br>Review the vocabulary section before each lesson to familiarize yourself with unfamiliar terms. It may be helpful for students to write definitions into the text, so they do not have to review terms mid-lesson.</p><p>➜ READ &amp; NARRATE<br>Lesson Ten: Parts One - Three p.139-143</p><p>• Once finished, ask, &quot;What do you remember?&quot; and &quot;What else?&quot; Keep narration to 2-3 minutes.</p><p>➜ DISCUSS: Character Simulator<br>You are fighting beside Cleomenes at Sellasia when his brother's flank collapses. You hear him cry out, &quot;Alas, good brother, thou art but slain, yet thou diest valiantly, and honestly, and thy death shall be a worthy example unto all posterity&quot; (p.142). He is still fighting when he says it. Why do you think Plutarch chose to record his exact words?</p><p>➜ WRITE<br>You are one of the men who retreated with Cleomenes from Sellasia. You watched him walk back into Sparta, advise the citizens to yield, lean against a pillar to collect his thoughts, and then sail away. What do you think about the man you followed (p.143)?</p><p>────────────────────<br>ADDITIONAL NOTES<br>────────────────────</p><p>• CHARACTERS<br>-Polybius (puh-LIB-ee-uhs): a historian, one of Plutarch's sources</p>","","","Lesson","0","FALSE"
"alveary-recLxHIpB9s53QHpZ","Import is Current","alveary-recrvyBaOlhlzhRuS","22","1","30m Plutarch: Grades 6-8 - Lesson 22","<p>Agis and Cleomenes<br>⍞ Materials: The Plutarch Project Volume 3, Historical Atlas</p><p>PREP: Read the introduction, review vocabulary, and preread the lesson.</p><p>➜ RECAP<br>What happened in the last reading?</p><p>➜ LOCATE<br>⍞ Map Resource: Historical Atlas p.10-11<br>1\. Find the Peloponnesus (p.10, Alexander's Empire). <br>2\. From the southeastern tip of that peninsula, trace a line southeast across the open Mediterranean Sea, passing just to the west of the island of Crete, until you reach Libya and Alexandria on the coast of Egypt.</p><p>This is the voyage Cleomenes made after his final defeat at Sellasia. He left behind everything he knew to arrive at a foreign court in Alexandria to ask for help from a king who owed him nothing.</p><p>➜ VIEW &amp; PRACTICE<br>Review the vocabulary section before each lesson to familiarize yourself with unfamiliar terms. It may be helpful for students to write definitions into the text, so they do not have to review terms mid-lesson.</p><p>➜ READ &amp; NARRATE<br>Lesson Eleven: Parts One - Three p.145-148</p><p>• Once finished, ask, &quot;What do you remember?&quot; and &quot;What else?&quot; Keep narration to 2-3 minutes.</p><p>➜ DISCUSS: Character Simulator<br>You are standing on the deck of a ship looking back at the disappearing coast of Greece. The war is lost. Your home is occupied. Therycion turns to you, hand on his sword, and argues that living as a &quot;fugitive&quot; in Egypt is a fate worse than death. Cleomenes disagrees, calling suicide a &quot;cowardly&quot; escape from the hard work of hope. Discuss both sides of the argument. Do you think one of these men is correct (p.145-146)?</p><p>➜ WRITE<br>&quot;King Ptolemy (#1), at his first coming, gave Cleomenes no special good, but indifferent entertainment. But when, upon trial, he found him a man of deep sense and great reason...conversation carried with it a noble and becoming grace...he was ashamed, and repented that he had neglected so great a man&quot; (p.146-147). Is firsthand experience the only way to judge a person's character? Does our character only count when we communicate it well to others?</p><p>────────────────────<br>ADDITIONAL NOTES<br>────────────────────</p><p>• CHARACTERS<br>-Ptolemy IV, #2 (TAH-luh-mee): king who mistrusted Cleomenes and was responsible for  the deaths of his own mother and brother</p><p>-Sosibius (soh-SIB-ee-us): Ptolemy's chief minister</p>","<p>★ TEACHER NOTE<br>Therycion's speech and Cleomenes's reply are a genuine philosophical debate, not a simple case of one man being right and one wrong. Therycion is not a coward; he is making an argument about honor and the limits of hope. Cleomenes is not dismissing death; he is making an argument about the difference between dying with purpose and dying to escape. Let students sit with the difficulty of that before asking who they think is right.</p>","","Lesson","0","FALSE"
"alveary-recLxHIpB9s53QHpZ","Import is Current","alveary-recRHy8wwCcL8ptQW","23","1","30m Plutarch: Grades 6-8 - Lesson 23","<p>Agis and Cleomenes<br>⍞ Materials: The Plutarch Project Volume 3, Historical Atlas</p><p>PREP: Read the introduction, review vocabulary, and preread the lesson.</p><p>➜ RECAP<br>What happened in the last reading?</p><p>➜ LOCATE<br>⍞ Map Resource: Historical Atlas p.10-11<br>Find Alexandria in Egypt. This is where the entire final lesson takes place.</p><p>➜ VIEW &amp; PRACTICE<br>Review the vocabulary section before each lesson to familiarize yourself with unfamiliar terms. It may be helpful for students to write definitions into the text, so they do not have to review terms mid-lesson.</p><p>➜ READ &amp; NARRATE<br>Lesson Twelve: Parts One - Three p.149-153</p><p>• Once finished, ask, &quot;What do you remember?&quot; and &quot;What else?&quot; Keep narration to 2-3 minutes.</p><p>➜ DISCUSS: Character Simulator<br>You are one of the thirteen Spartans. Why would you choose to &quot;die like a man&quot; in a foreign street rather than surrender and try to live (p.152)? What did Cleomenes understand in this moment about the difference between giving someone liberty and that person being capable of being free? Can a person be given freedom if they are already commanded by their own love of ease and safety?</p><p>➜ WRITE<br>Panteus was the last to die. Cleomenes had commanded him to check each fallen man and die last of all. He did exactly that: walked among his friends, tested each one, and then fell on Cleomenes and slew himself. Think about what it means to be given one last duty by someone you loved and to carry it out after they are already gone. What does faithfulness look like at the very end of everything?</p><p>────────────────────<br>ADDITIONAL NOTES<br>────────────────────</p><p>• CHARACTERS<br>-Ptolemy #3 (TAH-luh-mee): son of Chrysermus, another Ptolemy</p><p>-Ptolemy #4 (TAH-luh-mee): governor of Alexandria, another Ptolemy</p>","<p>★ TEACHER NOTE<br>This is the end of two lives; Agis's half of the story ended in Lesson Three. Now Cleomenes's ends here. Ask students to look back across both men before discussing: what did they share, where did they differ, and what does Plutarch seem to think each man's story teaches?</p>","","Lesson","0","FALSE"
"alveary-recLxHIpB9s53QHpZ","Import is Current","alveary-rec66TR64AzRTSGDc","24","1","30m Plutarch: Grades 6-8 - Lesson 24","<p>Exam Week</p><p>➜ EXAMS<br>Answer question(s) related to the course.</p><p>Questions will come from: <br>The Plutarch Project Volume 3</p>","<p>★ Plutarch: Grades 6-8 — TERM 2 EXAM QUESTIONS<br>· Tell me everything you remember about the lives of Agis and Cleomenes. OR You have watched Agesilaus, Agis's own uncle, embrace the reform publicly, help burn the debt bonds in the marketplace, laugh at the &quot;brightest fire&quot; he had ever seen, and then delay the land division once, and again, and again, until the moment was lost and Leonidas came back, and Agis was killed in prison. Agesilaus was not a tyrant. He was not an enemy of Sparta. He was a debtor who did not want to pay. What do you think about his behavior?</p>","","Exam","0","FALSE"
"alveary-recLxHIpB9s53QHpZ","Import is Current","alveary-rec1jTqNo3UdyJ49y","25","1","30m Plutarch: Grades 6-8 - Lesson 25","<p>Tiberius and Gaius Gracchus<br>⍞ Materials: The Plutarch Project Volume 3, Historical Atlas</p><p>PREP: <br>• We highly recommend reading a retelling so you can be familiar with the story. This is for your understanding and should not be read to the students. <br>∞ Link: Our Young Folks' Plutarch - Tiberius Gracchus <br>∞ Link: Our Young Folks' Plutarch - Caius Gracchus<br>• Read the introduction, review vocabulary, and preread the lesson.</p><p>➜ VIEW<br>∞ Image Link: Tiberius and Caius Gracchus<br>∞ Video Link: Tiberius Video<br>∞ Video Link: Gaius Video</p><p>➜ LOCATE<br>⍞ Map Resource: Historical Atlas p.14-15<br>1\. Find Rome in the center of Italy. <br>2\. Locate Carthage in North Africa. <br>3\. Tiberius and Gaius Gracchus were the grandsons of Scipio Africanus, the Roman commander who defeated Hannibal at the Battle of Zama in 202 BC. <br>4\. Notice the distance between Rome and Africa; this family’s influence spanned the Mediterranean world before the boys were even born.</p><p>➜ VIEW &amp; PRACTICE<br>Review the vocabulary section before each lesson to familiarize yourself with unfamiliar terms. It may be helpful for students to write definitions into the text, so they do not have to review terms mid-lesson.</p><p>➜ READ &amp; NARRATE<br>Lesson One: Prologue - Part Two p.160-163</p><p>• Once finished, ask, &quot;What do you remember?&quot; and &quot;What else?&quot; Keep narration to 2-3 minutes.</p><p>➜ DISCUSS: Character Simulator<br>You are a Roman citizen watching the two brothers walk through the Forum. Read the descriptions of the brothers on pages 161 and 162. Which brother would you trust more to lead a revolution, and why?</p><p>➜ WRITE (Optional Citizenship Notebook Exercise)<br>Plutarch notes that Cornelia’s education of her sons &quot;prevailed more than nature&quot; (p.161). Do you think a person’s upbringing can entirely change their natural temperament?</p><p>────────────────────<br>ADDITIONAL NOTES<br>────────────────────</p><p>• CHARACTERS<br>-Scipio #1 (SKIP-ee-oh): Roman general and grandfather of Tiberius and Gaius</p><p>-Scipio #2 (SKIP-ee-oh): adopted grandson of Scipio #1, destroyer of the city of Carthage</p><p>-King Ptolemy VIII (TAH-luh-mee): king of Egypt</p><p>-Appius Claudius (AP-ee-uhs, CLAW-dee-uhs): consul</p>","","https://planning.alveary.org/links.html?id=recLxHIpB9s53QHpZ&term=3&week=25","Lesson","0","FALSE"
"alveary-recLxHIpB9s53QHpZ","Import is Current","alveary-recuG6laH94XYM9o3","26","1","30m Plutarch: Grades 6-8 - Lesson 26","<p>Tiberius and Gaius Gracchus<br>⍞ Materials: The Plutarch Project Volume 3, Historical Atlas</p><p>PREP: Read the introduction, review vocabulary, and preread the lesson.</p><p>➜ RECAP<br>What happened in the last reading?</p><p>➜ LOCATE<br>⍞ Map Resource: Historical Atlas p.14-15<br>1\. Find Carthage, where Tiberius &quot;was first to mount the walls&quot; (p.165). <br>2\. Find Numantia in the northern part of Hither Spain. This is rugged, difficult territory. <br>3\. Trace the long route from Rome, across the sea, and into the Spanish mountains. This is where Tiberius saved 20,000 Roman lives.</p><p>➜ VIEW &amp; PRACTICE<br>Review the vocabulary section before each lesson to familiarize yourself with unfamiliar terms. It may be helpful for students to write definitions into the text, so they do not have to review terms mid-lesson.</p><p>➜ READ &amp; NARRATE<br>Lesson Two: Parts One - Two p.165-167</p><p>• Once finished, ask, &quot;What do you remember?&quot; and &quot;What else?&quot; Keep narration to 2-3 minutes.</p><p>➜ DISCUSS: Character Simulator<br>You are a Roman soldier trapped in the mountains of Numantia. Your Consul has failed, and you are surrounded. The enemies refuse to speak to anyone but Tiberius Gracchus. How does it feel to have your life depend on the reputation of one young officer (p.165)?</p><p>➜ WRITE (Optional Citizenship Notebook Exercise)<br>You are a Numantine governor. You have just captured the Roman army's entire payroll and the young officer’s records. Your people hate Rome. Why do you treat this specific young man like a guest of honor instead of a prisoner of war (p.166)?</p><p>────────────────────<br>ADDITIONAL NOTES<br>────────────────────</p><p>• CHARACTERS<br>-Fannius (FAN-ee-us): an orator and historian</p><p>-Gaius Mancinus (GUY-us man-SEE-nus): consul, captured by Numantines, returned to Rome, but stripped of his seat in the Senate</p>","","","Lesson","0","FALSE"
"alveary-recLxHIpB9s53QHpZ","Import is Current","alveary-rectTpccVVbaeG0i1","27","1","30m Plutarch: Grades 6-8 - Lesson 27","<p>Tiberius and Gaius Gracchus<br>⍞ Materials: The Plutarch Project Volume 3, Historical Atlas</p><p>PREP: Read the introduction, review vocabulary, and preread the lesson.</p><p>➜ RECAP<br>What happened in the last reading?</p><p>➜ LOCATE <br>⍞ Map Resource: Historical Atlas p.14-15<br>1\. Find Rome. <br>2\. Now, trace a line with your finger northward along the western coast toward the Alps. This region (modern-day Tuscany) is where Tiberius looked out at the vast estates. <br>3\. Imagine the &quot;Roman Pink&quot; on your map isn't a country owned by its people, but a giant puzzle where only a few wealthy men own all the pieces.</p><p>➜ VIEW &amp; PRACTICE<br>Review the vocabulary section before each lesson to familiarize yourself with unfamiliar terms. It may be helpful for students to write definitions into the text, so they do not have to review terms mid-lesson.</p><p>➜ READ &amp; NARRATE <br>Lesson Three: Parts One - Three p.169-172</p><p>• Once finished, ask, &quot;What do you remember?&quot; and &quot;What else?&quot; Keep narration to 2-3 minutes.</p><p>➜ DISCUSS: Character Simulator <br>You are a wealthy Senator. You bought land legally (or so you claim) years ago. Now, a young Tribune tells you that you must give it back to the poor. Tiberius says the soldiers &quot;have nothing but air and light&quot; (p.171). How would you respond?</p><p>**➜ **WRITE (Optional Citizenship Notebook Exercise)<br>If you were a soldier who just returned from the wars in Spain, how would you respond to Tiberius's speech (p.171-172)?</p><p>────────────────────<br>ADDITIONAL NOTES<br>────────────────────</p><p>• CHARACTERS<br>-Gaius Laelius (GUY-us, LAY-lee-us): Roman general and friend of Scipio #1</p><p>-Mucius Scaevola (MEW-shus, SEV-uh-luh): lawyer, consul, and high priest</p>","","","Lesson","0","FALSE"
"alveary-recLxHIpB9s53QHpZ","Import is Current","alveary-recxglnoJVhkPMy7X","28","1","30m Plutarch: Grades 6-8 - Lesson 28","<p>Tiberius and Gaius Gracchus<br>⍞** **Materials**:** The Plutarch Project Volume 3, Historical Atlas</p><p>PREP: Read the introduction, review vocabulary, and preread the lesson.</p><p>➜ RECAP<br>What happened in the last reading?</p><p>➜ LOCATE <br>⍞ Map Resource: Historical Atlas p.14-15<br>Find Rome. Tiberius &quot;sealed up&quot; the gates of the Temple of Saturn** **in the city of Rome to stop the economy until his law was passed (p.175, The Plutarch Project Volume 3).</p><p>➜ VIEW &amp; PRACTICE<br>Review the vocabulary section before each lesson to familiarize yourself with unfamiliar terms. It may be helpful for students to write definitions into the text, so they do not have to review terms mid-lesson.</p><p>➜ READ &amp; NARRATE <br>Lesson Four: Parts One - Two p.174-177</p><p>• Once finished, ask, &quot;What do you remember?&quot; and &quot;What else?&quot; Keep narration to 2-3 minutes.</p><p>➜ DISCUSS: Character Simulator <br>You are Marcus Octavius, Tiberius’s friend and fellow Tribune. You believe the land law is dangerous for Rome's stability. Your best friend is now asking the people to fire you from your job. How would you respond?</p><p>➜ WRITE (Optional Citizenship Notebook Exercise)<br>Tiberius and Octavius were &quot;vehement&quot; against each other, but used no &quot;foul words&quot; (p.174). Why do you think Plutarch chose to tell us that?</p><p>────────────────────<br>ADDITIONAL NOTES<br>────────────────────</p><p>• CHARACTERS<br>-Marcus Octavius (MAHR-kuhs, ok-TAY-vee-uhs): orator and elected tribune</p><p>-Fulvius #1 (FOOL-vee-us): consul</p>","","","Lesson","0","FALSE"
"alveary-recLxHIpB9s53QHpZ","Import is Current","alveary-recoSYCialvuiH5kQ","29","1","30m Plutarch: Grades 6-8 - Lesson 29","<p>Tiberius and Gaius Gracchus<br>⍞ Materials: The Plutarch Project Volume 3, Historical Atlas</p><p>PREP: Read the introduction, review vocabulary, and preread the lesson.</p><p>➜ RECAP<br>What happened in the last reading?</p><p>➜ LOCATE <br>⍞ Map Resource: Historical Atlas p.14-15<br>1\. Find the Kingdom of Pergamum (in modern-day Turkey/Asia Minor). <br>2\. King Attalus died and left his entire kingdom to Rome. Tiberius wanted to take that royal wealth and give it directly to the poor to buy tools for their new farms. &quot;That made him again more hated of the Senate than before&quot; (p.180, The Plutarch Project Volume 3).</p><p>➜ VIEW &amp; PRACTICE<br>Review the vocabulary section before each lesson to familiarize yourself with unfamiliar terms. It may be helpful for students to write definitions into the text, so they do not have to review terms mid-lesson.</p><p>➜ READ &amp; NARRATE <br>Lesson Five: Parts One - Three p.179-182</p><p>• Once finished, ask, &quot;What do you remember?&quot; and &quot;What else?&quot; Keep narration to 2-3 minutes.</p><p>➜ DISCUSS: Character Simulator <br>You are a member of the Senate. Tiberius has just proposed that the inheritance of King Attalus should be &quot;distributed among the poor citizens&quot; to furnish them for their new farms (p.179). How would you respond?</p><p>➜ WRITE (Optional Citizenship Notebook Exercise)<br>Tiberius said, &quot;But when he goeth about to take away the authority and power of the people, then he is no more a tribune&quot; (p.181). Do you agree with that definition of leadership?</p><p>────────────────────<br>ADDITIONAL NOTES<br>────────────────────</p><p>• CHARACTERS<br>-Publius Nasica (POOB-lee-uhs, nuh-SY-kuh): cousin of the Gracchi, also a Pontifex Maximus (chief priest) and consul</p><p>-King Attalus of Pergamon (AT-uh-lus, PUR-guh-mon): left his kingdom to the Romans to avoid bloodshed, very scholarly</p><p>-Titus Annius (TY-tus, AN-ee-us): consul</p>","","","Lesson","0","FALSE"
"alveary-recLxHIpB9s53QHpZ","Import is Current","alveary-reczxgGLB15c0zBGQ","30","1","30m Plutarch: Grades 6-8 - Lesson 30","<p>Tiberius and Gaius Gracchus<br>⍞ Materials**:** The Plutarch Project Volume 3, Historical Atlas</p><p>PREP: Read the introduction, review vocabulary, and preread the lesson.</p><p>➜ RECAP<br>What happened in the last reading?</p><p>➜ LOCATE <br>⍞ Map Resource: Historical Atlas p.14-15<br>Find Rome. Here, &quot;were slain above three hundred men,&quot; including Tiberius (p.187, The Plutarch Project Volume 3).</p><p>➜ VIEW &amp; PRACTICE<br>Review the vocabulary section before each lesson to familiarize yourself with unfamiliar terms. It may be helpful for students to write definitions into the text, so they do not have to review terms mid-lesson.</p><p>➜ READ &amp; NARRATE <br>Lesson Six: Parts One - Two p.183-187</p><p>• Once finished, ask, &quot;What do you remember?&quot; and &quot;What else?&quot; Keep narration to 2-3 minutes.</p><p>➜ DISCUSS: Character Simulator <br>You are a supporter of Tiberius. You see him touch his head to signal he is in danger, but &quot;his enemies, seeing the sign he gave, ran presently to the Senate, and declared that Tiberius desired the people to bestow a crown upon him, as if this were the meaning of his touching his head&quot; (p.186). Suddenly, a mob of Senators comes charging out of the meeting, armed with broken chair legs. Do you stay to fight, or do you flee?</p><p>➜ WRITE (Optional Citizenship Notebook Exercise)<br>Tiberius was killed by a fellow Tribune with the &quot;foot of a chair&quot; (p.186). Plutarch notes that not one man was killed with an &quot;iron weapon&quot; (p.187). Why do you think Plutarch pointed this out?</p><p>────────────────────<br>ADDITIONAL NOTES<br>────────────────────</p><p>• CHARACTERS<br>-Blossius (BLOSS-ee-us): philosopher of Cumae</p><p>-Flavius Flaccus (FLAY-vee-us, FLAK-us): supporter of the Gracchi</p>","","","Lesson","0","FALSE"
"alveary-recLxHIpB9s53QHpZ","Import is Current","alveary-rec8xLebm3OB9tou8","31","1","30m Plutarch: Grades 6-8 - Lesson 31","<p>Tiberius and Gaius Gracchus<br>⍞ Materials**:** The Plutarch Project Volume 3, Historical Atlas p.14-15</p><p>PREP: Read the introduction, review vocabulary, and preread the lesson.</p><p>➜ RECAP<br>What happened in the last reading?</p><p>➜ LOCATE <br>⍞ Map Resource: Historical Atlas p.14-15<br>1\. Find Rome in Italy. The Tiber River flows through it, though it is not labeled on this map. This is where the victors threw Tiberius's body, denying him a burial. <br>2\. Now find Sardinia, the island to the southwest. This is where Gaius was sent as Quaestor to keep him away from the political fires in Rome.</p><p>➜ VIEW &amp; PRACTICE<br>Review the vocabulary section before each lesson to familiarize yourself with unfamiliar terms. It may be helpful for students to write definitions into the text, so they do not have to review terms mid-lesson.</p><p>➜ READ &amp; NARRATE <br>Lesson Seven: Parts One - Two p.189-191</p><p>• Once finished, ask, &quot;What do you remember?&quot; and &quot;What else?&quot; Keep narration to 2-3 minutes.</p><p>➜ DISCUSS: Character Simulator <br>You are Gaius Gracchus. Your brother is dead, his friends were executed, and you have just had a dream where Tiberius tells you, &quot;Brother, why dost thou prolong time...we were both predestined to one manner of life and death&quot; (p.191). How do you feel about the dream?</p><p>➜ WRITE (Optional Citizenship Notebook Exercise)<br>Plutarch says of Gaius that &quot;some were of opinion that he was more popular, and desirous of the common people's good will and favour, than his brother had been before him&quot; (p.191). Do you think it was a compliment?</p><p>────────────────────<br>ADDITIONAL NOTES<br>────────────────────</p><p>• CHARACTERS<br>-Aristonicus (uh-riss-tuh-NEE-kus): original name of Eumenes III of Pergamon</p><p>-Publius Crassus (POOB-lee-us, KRASS-us): a high priest and consul, father-in-law of Gaius Gracchus</p><p>-Orestes (oh-REST-eez): consul and then proconsul in Sardinia</p>","","","Lesson","0","FALSE"
"alveary-recLxHIpB9s53QHpZ","Import is Current","alveary-recf2nP7O2E5k4aGP","32","1","30m Plutarch: Grades 6-8 - Lesson 32","<p>Tiberius and Gaius Gracchus<br>⍞** **Materials**:** The Plutarch Project Volume 3, Historical Atlas</p><p>PREP: Read the introduction, review vocabulary, and preread the lesson.</p><p>➜ RECAP<br>What happened in the last reading?</p><p>➜ LOCATE <br>⍞ Map Resource: Historical Atlas p.14-15<br>1\. Find Rome in Italy. The Field of Mars lies just outside its walls, though it is not labeled on this map. Plutarch says so many people came to vote for Gaius that &quot;the Field of Mars not being large enough to hold such a multitude of people, there were that gave their voices upon the top of houses&quot; (p.194, The Plutarch Project Volume 3). <br>2\. Now find Sardinia to the southwest. This is where Gaius &quot;not only excelled all the young men of his age in his actions against his enemies&quot; but also &quot;in temperance, frugality, and industry, he surpassed those who were much older than himself&quot; (p.193).</p><p>➜ VIEW &amp; PRACTICE<br>Review the vocabulary section before each lesson to familiarize yourself with unfamiliar terms. It may be helpful for students to write definitions into the text, so they do not have to review terms mid-lesson.</p><p>➜ READ &amp; NARRATE <br>Lesson Eight: Parts One - Three p.193-197</p><p>• Once finished, ask, &quot;What do you remember?&quot; and &quot;What else?&quot; Keep narration to 2-3 minutes.</p><p>➜ DISCUSS: Character Simulator <br>You are one of the censors hearing Gaius defend himself. He tells you he &quot;alone of all men else that had been in the wars, had carried his purse full, and brought it home empty: where others having drunk the wine which they carried thither in vessels, had afterwards brought them home full of gold and silver&quot; (p.194). What do you think about his defense?</p><p>➜ WRITE (Optional Citizenship Notebook Exercise)<br>Plutarch says that where all other orators turned toward the Senate, Gaius, &quot;in contrary manner when he made his oration, turned him outwards towards the other side of the marketplace&quot; (p.196-197). Plutarch calls it &quot;a little turning.&quot; What do you think it meant?</p><p>────────────────────<br>ADDITIONAL NOTES<br>────────────────────</p><p>• CHARACTERS<br>-King Micipsa (my-KIP-suh): king of Numidia</p><p>-Popilius (puh-PIL-ee-uhs): consul</p>","","","Lesson","0","FALSE"
"alveary-recLxHIpB9s53QHpZ","Import is Current","alveary-rec1MNc19EMPneE4q","33","1","30m Plutarch: Grades 6-8 - Lesson 33","<p>Tiberius and Gaius Gracchus<br>⍞** **Materials**:** The Plutarch Project Volume 3, Historical Atlas</p><p>PREP: Read the introduction, review vocabulary, and preread the lesson.</p><p>➜ RECAP<br>What happened in the last reading?</p><p>➜ LOCATE <br>⍞ Map Resource: Historical Atlas p.14-15<br>Find Capua. This was one of the major cities where Gaius wanted to send poor citizens to live.</p><p>➜ VIEW &amp; PRACTICE<br>Review the vocabulary section before each lesson to familiarize yourself with unfamiliar terms. It may be helpful for students to write definitions into the text, so they do not have to review terms mid-lesson.</p><p>➜ READ &amp; NARRATE <br>Lesson Nine: Parts One - Two p.199-202</p><p>• Once finished, ask, &quot;What do you remember?&quot; and &quot;What else?&quot; Keep narration to 2-3 minutes.</p><p>➜ DISCUSS: Character Simulator <br>Plutarch writes, “He won the good will of the common people, being more popular and familiar in his conversation and deeds than he was otherwise in his orations” (p.200). Consider the _Lives_ we have studied this year. What role does a person’s personality play in their success?</p><p>➜ WRITE (Optional Citizenship Notebook Exercise)<br>The Senate has hired a rival, Livius Drusus, to &quot;play the demagogue&quot; and outbid you. While you offer two colonies for the &quot;honestest citizens,&quot; he offers twelve colonies for the &quot;poorest,&quot; letting them have the land &quot;scot free&quot; (p.201). As Gaius, how do you defend your laws in this situation?</p><p>────────────────────<br>ADDITIONAL NOTES<br>────────────────────</p><p>• CHARACTERS<br>-Fabiius (FAY-bee-uhs): vice praetor, governor of Spain, and consul</p><p>-Gaius Fannius (GUY-us, FAN-ee-us): consul</p><p>-Livius Drusus (LIV-ee-uhs, DROO-suhs): appointed tribune for the sole purpose of counter-offering anything that Gaius Gracchus proposed</p>","","","Lesson","0","FALSE"
"alveary-recLxHIpB9s53QHpZ","Import is Current","alveary-recKrYjW8ahr7AU42","34","1","30m Plutarch: Grades 6-8 - Lesson 34","<p>Tiberius and Gaius Gracchus<br>⍞** **Materials**:** The Plutarch Project Volume 3, Historical Atlas</p><p>PREP: Read the introduction, review vocabulary, and preread the lesson.</p><p>➜ RECAP<br>What happened in the last reading?</p><p>➜ LOCATE <br>⍞ Map Resource: Historical Atlas p.14-15<br>Look at the sea south of Capua. Gaius sailed across this water to Carthage to build a city named &quot;Junonia.&quot; While there, a storm blew away his sacrifices, and wolves stole his boundary marks (p.204-205, The Plutarch Project Volume 3).</p><p>➜ VIEW &amp; PRACTICE<br>Review the vocabulary section before each lesson to familiarize yourself with unfamiliar terms. It may be helpful for students to write definitions into the text, so they do not have to review terms mid-lesson.</p><p>➜ READ &amp; NARRATE <br>Lesson Ten: Parts One - Two p.203-205</p><p>• Once finished, ask, &quot;What do you remember?&quot; and &quot;What else?&quot; Keep narration to 2-3 minutes.</p><p>➜ DISCUSS: Character Simulator <br>You are Gaius, back in Rome. You see one of your &quot;familiar friends&quot; being dragged to prison by the Consul’s officers. You have promised to protect your allies, but you &quot;pass by without assisting him,&quot; claiming you don't want to pick a quarrel. What are you thinking (p.205)?</p><p>➜ WRITE (Optional Citizenship Notebook Exercise)<br>Plutarch wrote, Gaius &quot;came now to take a house near the marketplace, to show himself nearby the lowlier and more popular&quot; (p.205). Why do you think he moved?</p><p>────────────────────<br>ADDITIONAL NOTES<br>────────────────────</p><p>• CHARACTERS<br>-Fulvius (FUL-vee-us): aka Flavius Flaccus, supporter of the Gracchi</p><p>-Lucius Opimius (LOO-shus, oh-PIM-ee-us): consul</p><p>-Gaius Fannius (GUY-us, FAN-ee-us): consul</p>","","","Lesson","0","FALSE"
"alveary-recLxHIpB9s53QHpZ","Import is Current","alveary-recHjVpKz4bHdgUop","35","1","30m Plutarch: Grades 6-8 - Lesson 35","<p>Tiberius and Gaius Gracchus<br>⍞** **Materials**:** The Plutarch Project Volume 3, Historical Atlas</p><p>PREP: Read the introduction, review vocabulary, and preread the lesson.</p><p>➜ RECAP<br>What happened in the last reading?</p><p>➜ LOCATE <br>⍞ Map Resource: Historical Atlas p.14-15<br>1\. Look at the city of Rome. The conflict has now moved from laws and speeches to the streets themselves. <br>2\. Visualize the Capitol, where both parties met “by break of day.” The peace is broken when an attendant named Antyllius is slain with “great bodkins to write with” rather than swords (p.209, The Plutarch Project Volume 3).</p><p>➜ READ &amp; NARRATE <br>Lesson Eleven: Parts One - Two p.208-211 and Lesson Twelve: Parts One - Epilogue p.212-215</p><p>• Once finished, ask, &quot;What do you remember?&quot; and &quot;What else?&quot; Keep narration to 2-3 minutes.</p><p>➜ DISCUSS: Character Simulator - Pick 1<br>Plutarch wrote, &quot;Gaius would not arm himself, but went out of his house in a long gown, as if he would have gone simply into the marketplace&quot; (p.210). What do you think about his choices?</p><p>You are a guest at Cornelia’s home in Misenum. She tells the story of her sons' deaths &quot;without shedding a tear,&quot; as if she were telling a history of someone else. Some guests think she has lost her &quot;reason and sense&quot; from grief. Do you agree (p.215)?</p><p>➜ WRITE (Optional Citizenship Notebook Exercise): Pick 1<br>Gaius' wife says, &quot;Alas, what hope or trust is left us now, in laws or gods, since they have slain Tiberius&quot; (p.211)? What kind of loss do you think she is describing?</p><p>The people eventually built statues of the Gracchi and &quot;consecrated the places where they had been slain.&quot; Looking back at their lives, did the Gracchi brothers &quot;win&quot; or &quot;lose&quot; their battle for the Roman people (p.215)? Why?</p>","","","Lesson","0","FALSE"
"alveary-recLxHIpB9s53QHpZ","Import is Current","alveary-rec25oUnieFfoaNo4","36","1","30m Plutarch: Grades 6-8 - Lesson 36","<p>Exam Week</p><p>➜ EXAMS<br>Answer question(s) related to the course.</p><p>Questions will come from: <br>The Plutarch Project Volume 3</p>","<p>★ Plutarch: Grades 6-8 — TERM 3 EXAM QUESTIONS<br>· Tell me everything you remember about the lives of the Gracchi. OR<br>You have followed the Gracchi from Cornelia's house through every assembly, every law, every riot, and into the silence after. You watched Tiberius weep before his father's statue on the last morning of his life, and keep walking. You watched Gaius pull his hand quietly from his wife's grip at the door and not look back. You watched Cornelia lose both sons and go on hosting dinner parties for learned men without shedding a tear. What do you think about their behavior? Is there a right way to face grief, loss, and fear?</p>","","Exam","0","FALSE"
