"course_custom_id","assignment_custom_id","assignment_week","assignment_day","assignment_name","assignment_description","assignment_teachersNote","assignment_linksUrl","assignment_type","assignment_duration","assignment_graded"
"alveary-rec2vDs8P5SlvGqt8","alveary-recd9MdFlQux3m9BC","1","1","10m Recitation: Grade 11 - Lesson 1","<p>Hymn/Psalm <br> <br>➜ NOTE        <br>Read the recitation piece in its entirety if shorter. Otherwise, work to recite and memorize by section. <br> <br>➜ PRACTICE<br>Hymn Suggestion: &quot;How Firm a Foundation&quot;<br>Our Hymns, Our Heritage</p><p>Psalm suggestion: Psalm 139:1-24</p>","","","Lesson","0","FALSE"
"alveary-rec2vDs8P5SlvGqt8","alveary-recHypmBrzGAeT5Fm","1","2","10m Recitation: Grade 11 - Lesson 2","<p>Bible Verses <br> <br>PREP: You may want to print out the recitation passages to have handy for weekly practice.</p><p>➜ PRACTICE<br>Choose an OT and NT passage (about 20 verses each) and read aloud.</p><p>Old Testament suggestions: 1 Chronicles 29:1-25<br>New Testament suggestions: Luke 2:1-20, Luke 6:20-42, Luke 12:22-42</p>","","","Lesson","0","FALSE"
"alveary-rec2vDs8P5SlvGqt8","alveary-recHJ4H2y1vnRT9Xr","1","3","10m Recitation: Grade 11 - Lesson 3","<p>Poetry <br> <br>PREP: You may want to print out the recitation passages to have handy for weekly practice.</p><p>➜ PRACTICE<br>Suggestions: &quot;The Gardener 85&quot; by Tagore, The Tempest Act 1, Scene 2, Lines 1-26</p>","","","Lesson","0","FALSE"
"alveary-rec2vDs8P5SlvGqt8","alveary-recK3D1bEJDThexWv","2","1","10m Recitation: Grade 11 - Lesson 4","<p>Hymn/Psalm <br> <br>➜ PRACTICE<br>Hymn Suggestion: &quot;How Firm a Foundation&quot;<br>Our Hymns, Our Heritage</p><p>Psalm suggestion: Psalm 139:1-24</p>","","","Lesson","0","FALSE"
"alveary-rec2vDs8P5SlvGqt8","alveary-recDNUVHuJIuaWNJY","2","2","10m Recitation: Grade 11 - Lesson 5","<p>Bible Verses <br> <br>PREP: You may want to print out the recitation passages to have handy for weekly practice.</p><p>➜ PRACTICE<br>Choose an OT and NT passage (about 20 verses each) and read aloud.</p><p>Old Testament suggestions: 1 Chronicles 29:1-25<br>New Testament suggestions: Luke 2:1-20, Luke 6:20-42, Luke 12:22-42</p>","","","Lesson","0","FALSE"
"alveary-rec2vDs8P5SlvGqt8","alveary-recHo14d4y4xNRVf0","2","3","10m Recitation: Grade 11 - Lesson 6","<p>Poetry <br> <br>➜ PRACTICE<br>Suggestions: &quot;The Gardener 85&quot; by Tagore, The Tempest Act 1, Scene 2, Lines 1-26</p>","","","Lesson","0","FALSE"
"alveary-rec2vDs8P5SlvGqt8","alveary-recOMyVwgTj6U9iKO","3","1","10m Recitation: Grade 11 - Lesson 7","<p>Hymn/Psalm <br> <br>➜ PRACTICE<br>Hymn Suggestion: &quot;How Firm a Foundation&quot;<br>Our Hymns, Our Heritage</p><p>Psalm suggestion: Psalm 139:1-24</p>","","","Lesson","0","FALSE"
"alveary-rec2vDs8P5SlvGqt8","alveary-recJlwzWQHAaAGIzv","3","2","10m Recitation: Grade 11 - Lesson 8","<p>Bible Verses <br> <br>➜ PRACTICE <br>Work on learning your OT and NT passages.</p><p>Old Testament suggestions: 1 Chronicles 29:1-25<br>New Testament suggestions: Luke 2:1-20, Luke 6:20-42, Luke 12:22-42</p>","","","Lesson","0","FALSE"
"alveary-rec2vDs8P5SlvGqt8","alveary-recRYiUX7i83Re2sm","3","3","10m Recitation: Grade 11 - Lesson 9","<p>Poetry <br> <br>➜ PRACTICE<br>Suggestions: &quot;The Gardener 85&quot; by Tagore, The Tempest Act 1, Scene 2, Lines 1-26</p>","","","Lesson","0","FALSE"
"alveary-rec2vDs8P5SlvGqt8","alveary-reczVVmlMvVxXCKyK","4","1","10m Recitation: Grade 11 - Lesson 10","<p>Hymn/Psalm <br> <br>➜ PRACTICE<br>Hymn Suggestion: &quot;How Firm a Foundation&quot;<br>Our Hymns, Our Heritage</p><p>Psalm suggestion: Psalm 139:1-24</p>","","","Lesson","0","FALSE"
"alveary-rec2vDs8P5SlvGqt8","alveary-recYpmL4F6OxT1uKx","4","2","10m Recitation: Grade 11 - Lesson 11","<p>⬚ 10m Recitation: Grade 9 - Lesson 11<br>Bible Verses <br> <br>➜ PRACTICE <br>Work on learning your OT and NT passages. Try writing or typing them out this week to help yourself focus differently on the words.</p><p>Old Testament suggestions: 1 Chronicles 29:1-25<br>New Testament suggestions: Luke 2:1-20, Luke 6:20-42, Luke 12:22-42</p>","","","Lesson","0","FALSE"
"alveary-rec2vDs8P5SlvGqt8","alveary-recMQD2YEIPrpjo0w","4","3","10m Recitation: Grade 11 - Lesson 12","<p>Poetry <br> <br>➜ PRACTICE<br>Suggestions: &quot;The Gardener 85&quot; by Tagore, The Tempest Act 1, Scene 2, Lines 1-26</p>","","","Lesson","0","FALSE"
"alveary-rec2vDs8P5SlvGqt8","alveary-recwjmyvcJFhgpipp","5","1","10m Recitation: Grade 11 - Lesson 13","<p>Hymn/Psalm <br> <br>➜ PRACTICE<br>Hymn Suggestion: &quot;How Firm a Foundation&quot;<br>Our Hymns, Our Heritage</p><p>Psalm suggestion: Psalm 139:1-24</p>","","","Lesson","0","FALSE"
"alveary-rec2vDs8P5SlvGqt8","alveary-recJxbXG4KnDYCeRH","5","2","10m Recitation: Grade 11 - Lesson 14","<p>Bible Verses <br> <br>➜ PRACTICE <br>Work on learning your OT and NT passages. Read them aloud in your best voice.</p><p>Old Testament suggestions: 1 Chronicles 29:1-25<br>New Testament suggestions: Luke 2:1-20, Luke 6:20-42, Luke 12:22-42</p>","","","Lesson","0","FALSE"
"alveary-rec2vDs8P5SlvGqt8","alveary-recHrLVwbZS1x1Llt","5","3","10m Recitation: Grade 11 - Lesson 15","<p>Poetry <br> <br>➜ PRACTICE<br>Suggestions: &quot;The Gardener 85&quot; by Tagore, The Tempest Act 1, Scene 2, Lines 1-26</p>","","","Lesson","0","FALSE"
"alveary-rec2vDs8P5SlvGqt8","alveary-rechUiz4Irht28ZoG","6","1","10m Recitation: Grade 11 - Lesson 16","<p>Hymn/Psalm <br> <br>➜ PRACTICE<br>Hymn Suggestion: &quot;How Firm a Foundation&quot;<br>Our Hymns, Our Heritage</p><p>Psalm suggestion: Psalm 139:1-24</p>","","","Lesson","0","FALSE"
"alveary-rec2vDs8P5SlvGqt8","alveary-rec04e5KqbawJr6zE","6","2","10m Recitation: Grade 11 - Lesson 17","<p>Bible Verses <br> <br>➜ PRACTICE <br>Work on learning your OT and NT passages. Highlight with different colors, underline, read aloud, focus on each section at a time, figure out how you best learn to internalize the meaning of the pieces you're working on, and read or say them beautifully.</p><p>Old Testament suggestions: 1 Chronicles 29:1-25<br>New Testament suggestions: Luke 2:1-20, Luke 6:20-42, Luke 12:22-42</p>","","","Lesson","0","FALSE"
"alveary-rec2vDs8P5SlvGqt8","alveary-recEwUkvs1WsRTfDn","6","3","10m Recitation: Grade 11 - Lesson 18","<p>Poetry <br> <br>➜ PRACTICE<br>Suggestions: &quot;The Gardener 85&quot; by Tagore, The Tempest Act 1, Scene 2, Lines 1-26</p>","","","Lesson","0","FALSE"
"alveary-rec2vDs8P5SlvGqt8","alveary-recWoWGC7qloBTDkA","7","1","10m Recitation: Grade 11 - Lesson 19","<p>Hymn/Psalm <br> <br>➜ PRACTICE<br>Hymn Suggestion: &quot;How Firm a Foundation&quot;<br>Our Hymns, Our Heritage</p><p>Psalm suggestion: Psalm 139:1-24</p>","","","Lesson","0","FALSE"
"alveary-rec2vDs8P5SlvGqt8","alveary-recBCu8Zg7dDe2oDI","7","2","10m Recitation: Grade 11 - Lesson 20","<p>Bible Verses <br> <br>➜ PRACTICE <br>Old Testament suggestions: 1 Chronicles 29:1-25<br>New Testament suggestions: Luke 2:1-20, Luke 6:20-42, Luke 12:22-42</p>","","","Lesson","0","FALSE"
"alveary-rec2vDs8P5SlvGqt8","alveary-rec3qSEfx2U1YaQyo","7","3","10m Recitation: Grade 11 - Lesson 21","<p>Poetry <br> <br>➜ PRACTICE<br>Suggestions: &quot;The Gardener 85&quot; by Tagore, The Tempest Act 1, Scene 2, Lines 1-26</p>","","","Lesson","0","FALSE"
"alveary-rec2vDs8P5SlvGqt8","alveary-recqEIOKqqJKphApT","8","1","10m Recitation: Grade 11 - Lesson 22","<p>Hymn/Psalm <br> <br>➜ PRACTICE<br>Hymn Suggestion: &quot;How Firm a Foundation&quot;<br>Our Hymns, Our Heritage</p><p>Psalm suggestion: Psalm 139:1-24</p>","","","Lesson","0","FALSE"
"alveary-rec2vDs8P5SlvGqt8","alveary-rec1cMwJEXOkuwCHB","8","2","10m Recitation: Grade 11 - Lesson 23","<p>Bible Verses <br> <br>➜ PRACTICE <br>Old Testament suggestions: 1 Chronicles 29:1-25<br>New Testament suggestions: Luke 2:1-20, Luke 6:20-42, Luke 12:22-42</p>","","","Lesson","0","FALSE"
"alveary-rec2vDs8P5SlvGqt8","alveary-recZ68ZKI6W3HaPHa","8","3","10m Recitation: Grade 11 - Lesson 24","<p>Poetry <br> <br>➜ PRACTICE<br>Suggestions: &quot;The Gardener 85&quot; by Tagore, The Tempest Act 1, Scene 2, Lines 1-26</p>","","","Lesson","0","FALSE"
"alveary-rec2vDs8P5SlvGqt8","alveary-recUYspTUTAHwOpe1","9","1","10m Recitation: Grade 11 - Lesson 25","<p>Hymn/Psalm <br> <br>➜ PRACTICE<br>Hymn Suggestion: &quot;How Firm a Foundation&quot;<br>Our Hymns, Our Heritage</p><p>Psalm suggestion: Psalm 139:1-24</p>","","","Lesson","0","FALSE"
"alveary-rec2vDs8P5SlvGqt8","alveary-recKzRSZMb0zf8rVI","9","2","10m Recitation: Grade 11 - Lesson 26","<p>Bible Verses <br> <br>➜ PRACTICE <br>Old Testament suggestions: 1 Chronicles 29:1-25<br>New Testament suggestions: Luke 2:1-20, Luke 6:20-42, Luke 12:22-42</p>","","","Lesson","0","FALSE"
"alveary-rec2vDs8P5SlvGqt8","alveary-rec7gm8hI7fVqBIEL","9","3","10m Recitation: Grade 11 - Lesson 27","<p>Poetry <br> <br>➜ PRACTICE<br>Suggestions: &quot;The Gardener 85&quot; by Tagore, The Tempest Act 1, Scene 2, Lines 1-26</p>","","","Lesson","0","FALSE"
"alveary-rec2vDs8P5SlvGqt8","alveary-reca9iSazIIq6FJ1V","10","1","10m Recitation: Grade 11 - Lesson 28","<p>Hymn/Psalm <br> <br>➜ PRACTICE<br>Hymn Suggestion: &quot;How Firm a Foundation&quot;<br>Our Hymns, Our Heritage</p><p>Psalm suggestion: Psalm 139:1-24</p>","","","Lesson","0","FALSE"
"alveary-rec2vDs8P5SlvGqt8","alveary-recCJgByJi0SyTR5i","10","2","10m Recitation: Grade 11 - Lesson 29","<p>Bible Verses <br> <br>➜ PRACTICE <br>Old Testament suggestions: 1 Chronicles 29:1-25<br>New Testament suggestions: Luke 2:1-20, Luke 6:20-42, Luke 12:22-42</p>","","","Lesson","0","FALSE"
"alveary-rec2vDs8P5SlvGqt8","alveary-recg5H0Gv2PTlJanu","10","3","10m Recitation: Grade 11 - Lesson 30","<p>Poetry <br> <br>➜ PRACTICE<br>Suggestions: &quot;The Gardener 85&quot; by Tagore, The Tempest Act 1, Scene 2, Lines 1-26</p>","","","Lesson","0","FALSE"
"alveary-rec2vDs8P5SlvGqt8","alveary-reccTWesiyhFm21Nx","11","1","10m Recitation: Grade 11 - Lesson 31","<p>Hymn/Psalm <br> <br>➜ PRACTICE<br>Hymn Suggestion: &quot;How Firm a Foundation&quot;<br>Our Hymns, Our Heritage</p><p>Psalm suggestion: Psalm 139:1-24</p>","","","Lesson","0","FALSE"
"alveary-rec2vDs8P5SlvGqt8","alveary-recVx9y2aXtS6Lh58","11","2","10m Recitation: Grade 11 - Lesson 32","<p>Bible Verses <br> <br>➜ PRACTICE <br>Old Testament suggestions: 1 Chronicles 29:1-25<br>New Testament suggestions: Luke 2:1-20, Luke 6:20-42, Luke 12:22-42</p>","","","Lesson","0","FALSE"
"alveary-rec2vDs8P5SlvGqt8","alveary-recRDYtd05w0DqU9d","11","3","10m Recitation: Grade 11 - Lesson 33","<p>Poetry<br> <br>➜ PRACTICE<br>Suggestions: &quot;The Gardener 85&quot; by Tagore, The Tempest Act 1, Scene 2, Lines 1-26</p>","","","Lesson","0","FALSE"
"alveary-rec2vDs8P5SlvGqt8","alveary-reckY9SKBVlOA7lXR","12","1","10m Recitation: Grade 11 - Lesson 34","<p>Exam Week</p><p>➜ EXAMS <br>Answer question(s) related to the course.</p>","<p>★ Recitation: Grade 11 — TERM 1 EXAM QUESTIONS<br>· Recite hymn and psalm selections to a parent/teacher.</p><p>· Recite OT/NT selections to a parent/teacher.</p><p>· Recite poetry selections to a parent/teacher.</p>","","Exam","0","FALSE"
"alveary-rec2vDs8P5SlvGqt8","alveary-recAZwjyIUnoboydV","12","2","10m Recitation: Grade 11 - Lesson 35","<p>Exam Week</p><p>➜ EXAMS <br>Answer question(s) related to the course.</p>","<p>★ Recitation: Grade 11 — TERM 1 EXAM QUESTIONS<br>· Recite hymn and psalm selections to a parent/teacher.</p><p>· Recite OT/NT selections to a parent/teacher.</p><p>· Recite poetry selections to a parent/teacher.</p>","","Exam","0","FALSE"
"alveary-rec2vDs8P5SlvGqt8","alveary-rec7FW3vmuQPDPjvk","12","3","10m Recitation: Grade 11 - Lesson 36","<p>Exam Week</p><p>➜ EXAMS <br>Answer question(s) related to the course.</p>","<p>★ Recitation: Grade 11 — TERM 1 EXAM QUESTIONS<br>· Recite hymn and psalm selections to a parent/teacher.</p><p>· Recite OT/NT selections to a parent/teacher.</p><p>· Recite poetry selections to a parent/teacher.</p>","","Exam","0","FALSE"
"alveary-rec2vDs8P5SlvGqt8","alveary-recwA3vC99kfoD8MJ","13","1","10m Recitation: Grade 11 - Lesson 37","<p>Hymn/Psalm <br> <br>PREP: Choose a psalm and hymn to recite this term or use the selections below.</p><p>➜ PRACTICE<br>Using your best voice, read your selected hymn and psalm aloud. It might be helpful to work on it by verse after reading the whole piece.</p><p>Hymn Suggestion: &quot;O Worship the King&quot;<br>Our Hymns, Our Heritage</p><p>Psalm suggestion: Psalm 84:1-12 and Psalm 47:1-9</p>","","","Lesson","0","FALSE"
"alveary-rec2vDs8P5SlvGqt8","alveary-recWagHlUivVuN6VE","13","2","10m Recitation: Grade 11 - Lesson 38","<p>Bible Verses <br> <br>PREP: You may want to print out the recitation passages to have handy for weekly practice.</p><p>➜ PRACTICE<br>Choose an OT and NT passage (about 20 verses each) and read aloud.</p><p>Old Testament suggestion: Proverbs 3:1-22<br>New Testament suggestions: James 1, Philemon 1, 1 Timothy 4</p>","","","Lesson","0","FALSE"
"alveary-rec2vDs8P5SlvGqt8","alveary-rec5NS9vcRaUMd2G3","13","3","10m Recitation: Grade 11 - Lesson 39","<p>Poetry <br> <br>PREP: You may want to print out the recitation passages to have handy for weekly practice.</p><p>➜ PRACTICE<br>Suggestions: Selection from The Aeneid by Virgil, Henry IV Part 2, Act 3, Scene 1, Lines 4-31</p>","","","Lesson","0","FALSE"
"alveary-rec2vDs8P5SlvGqt8","alveary-recPGc3V38cd04cT1","14","1","10m Recitation: Grade 11 - Lesson 40","<p>Hymn/Psalm <br>  <br>➜ PRACTICE<br>Read aloud, highlight, copy, or do whatever best helps you internalize the words and meaning of your selections.</p><p>Hymn Suggestion: &quot;O Worship the King&quot;<br>Our Hymns, Our Heritage</p><p>Psalm suggestion: Psalm 84:1-12 and Psalm 47:1-9</p>","","","Lesson","0","FALSE"
"alveary-rec2vDs8P5SlvGqt8","alveary-recsCiLbpJ1RkKx6X","14","2","10m Recitation: Grade 11 - Lesson 41","<p>Bible Verses <br> <br>PREP: You may want to print out the recitation passages to have handy for weekly practice.</p><p>➜ PRACTICE<br>Choose an OT and NT passage (about 20 verses each) and read aloud.</p><p>Old Testament suggestion: Proverbs 3:1-22<br>New Testament suggestions: James 1, Philemon 1, 1 Timothy 4</p>","","","Lesson","0","FALSE"
"alveary-rec2vDs8P5SlvGqt8","alveary-recSeNJw1661OqQBK","14","3","10m Recitation: Grade 11 - Lesson 42","<p>Poetry <br> <br>➜ PRACTICE<br>Suggestions: Selection from The Aeneid by Virgil, Henry IV Part 2, Act 3, Scene 1, Lines 4-31</p>","","","Lesson","0","FALSE"
"alveary-rec2vDs8P5SlvGqt8","alveary-recm57niCgdHuXVah","15","1","10m Recitation: Grade 11 - Lesson 43","<p>Hymn/Psalm <br> <br>PREP: Choose a psalm and hymn to recite this term or use the selections below.</p><p>➜ PRACTICE<br>Using your best voice, read your selected hymn and psalm aloud. It might be helpful to work on it by verse after reading the whole piece.</p><p>Hymn Suggestion: &quot;O Worship the King&quot;<br>Our Hymns, Our Heritage</p><p>Psalm suggestion: Psalm 84:1-12 and Psalm 47:1-9</p>","","","Lesson","0","FALSE"
"alveary-rec2vDs8P5SlvGqt8","alveary-rec6HYkzo0MxqGruL","15","2","10m Recitation: Grade 11 - Lesson 44","<p>Bible Verses <br> <br>➜ PRACTICE<br>Remember to write out your selections, read them aloud, highlight, illustrate, or do whatever helps you learn them best. Remember, the goal is not just rote memorization but to have the meaning and words etched on your heart.</p><p>Old Testament suggestion: Proverbs 3:1-22<br>New Testament suggestions: James 1, Philemon 1, 1 Timothy 4</p>","","","Lesson","0","FALSE"
"alveary-rec2vDs8P5SlvGqt8","alveary-recMLCE3WVquon9G6","15","3","10m Recitation: Grade 11 - Lesson 45","<p>Poetry <br> <br>➜ PRACTICE<br>Suggestions: Selection from The Aeneid by Virgil, Henry IV Part 2, Act 3, Scene 1, Lines 4-31</p>","","","Lesson","0","FALSE"
"alveary-rec2vDs8P5SlvGqt8","alveary-recdsiPNywMqhR1zH","16","1","10m Recitation: Grade 11 - Lesson 46","<p>Hymn/Psalm <br> <br>➜ PRACTICE<br>Hymn Suggestion: &quot;O Worship the King&quot;<br>Our Hymns, Our Heritage</p><p>Psalm suggestion: Psalm 84:1-12 and Psalm 47:1-9</p>","","","Lesson","0","FALSE"
"alveary-rec2vDs8P5SlvGqt8","alveary-rec4fkiTkWWlFEckB","16","2","10m Recitation: Grade 11 - Lesson 47","<p>Bible Verses <br> <br>➜ PRACTICE<br>Old Testament suggestion: Proverbs 3:1-22<br>New Testament suggestions: James 1, Philemon 1, 1 Timothy 4</p>","","","Lesson","0","FALSE"
"alveary-rec2vDs8P5SlvGqt8","alveary-recrD4yJgvnMCW4Ll","16","3","10m Recitation: Grade 11 - Lesson 48","<p>Poetry <br> <br>➜ PRACTICE<br>Suggestions: Selection from The Aeneid by Virgil, Henry IV Part 2, Act 3, Scene 1, Lines 4-31</p>","","","Lesson","0","FALSE"
"alveary-rec2vDs8P5SlvGqt8","alveary-rec1XRUNTxESsoRyD","17","1","10m Recitation: Grade 11 - Lesson 49","<p>Hymn/Psalm <br> <br>➜ PRACTICE<br>Hymn Suggestion: &quot;O Worship the King&quot;<br>Our Hymns, Our Heritage</p><p>Psalm suggestion: Psalm 84:1-12 and Psalm 47:1-9</p>","","","Lesson","0","FALSE"
"alveary-rec2vDs8P5SlvGqt8","alveary-recifV4iUWNUpOLMq","17","2","10m Recitation: Grade 11 - Lesson 50","<p>Bible Verses <br> <br>➜ PRACTICE<br>Old Testament suggestion: Proverbs 3:1-22<br>New Testament suggestions: James 1, Philemon 1, 1 Timothy 4</p>","","","Lesson","0","FALSE"
"alveary-rec2vDs8P5SlvGqt8","alveary-recDjEEoZLfCAScfd","17","3","10m Recitation: Grade 11 - Lesson 51","<p>Poetry <br> <br>➜ PRACTICE<br>Suggestions: Selection from The Aeneid by Virgil, Henry IV Part 2, Act 3, Scene 1, Lines 4-31</p>","","","Lesson","0","FALSE"
"alveary-rec2vDs8P5SlvGqt8","alveary-recR37FgG0lhVkF36","18","1","10m Recitation: Grade 11 - Lesson 52","<p>Hymn/Psalm <br> <br>➜ PRACTICE<br>Hymn Suggestion: &quot;O Worship the King&quot;<br>Our Hymns, Our Heritage</p><p>Psalm suggestion: Psalm 84:1-12 and Psalm 47:1-9</p>","","","Lesson","0","FALSE"
"alveary-rec2vDs8P5SlvGqt8","alveary-recQuvDfYP87pziww","18","2","10m Recitation: Grade 11 - Lesson 53","<p>Bible Verses <br> <br>➜ PRACTICE<br>Old Testament suggestion: Proverbs 3:1-22<br>New Testament suggestions: James 1, Philemon 1, 1 Timothy 4</p>","","","Lesson","0","FALSE"
"alveary-rec2vDs8P5SlvGqt8","alveary-recUjqrEJSqLMO0Sa","18","3","10m Recitation: Grade 11 - Lesson 54","<p>Poetry <br> <br>➜ PRACTICE<br>Suggestions: Selection from The Aeneid by Virgil, Henry IV Part 2, Act 3, Scene 1, Lines 4-31</p>","","","Lesson","0","FALSE"
"alveary-rec2vDs8P5SlvGqt8","alveary-rec402G9NngicKTln","19","1","10m Recitation: Grade 11 - Lesson 55","<p>Hymn/Psalm <br> <br>➜ PRACTICE<br>Hymn Suggestion: &quot;O Worship the King&quot;<br>Our Hymns, Our Heritage</p><p>Psalm suggestion: Psalm 84:1-12 and Psalm 47:1-9</p>","","","Lesson","0","FALSE"
"alveary-rec2vDs8P5SlvGqt8","alveary-recrFH8E5fDDzEcAE","19","2","10m Recitation: Grade 11 - Lesson 56","<p>Bible Verses <br> <br>➜ PRACTICE<br>Old Testament suggestion: Proverbs 3:1-22<br>New Testament suggestions: James 1, Philemon 1, 1 Timothy 4</p>","","","Lesson","0","FALSE"
"alveary-rec2vDs8P5SlvGqt8","alveary-recQa1M0HzahENviu","19","3","10m Recitation: Grade 11 - Lesson 57","<p>Poetry <br> <br>➜ PRACTICE<br>Suggestions: Selection from The Aeneid by Virgil, Henry IV Part 2, Act 3, Scene 1, Lines 4-31</p>","","","Lesson","0","FALSE"
"alveary-rec2vDs8P5SlvGqt8","alveary-recSH9gKDmybNK3iO","20","1","10m Recitation: Grade 11 - Lesson 58","<p>Hymn/Psalm <br> <br>➜ PRACTICE<br>Hymn Suggestion: &quot;O Worship the King&quot;<br>Our Hymns, Our Heritage</p><p>Psalm suggestion: Psalm 84:1-12 and Psalm 47:1-9</p>","","","Lesson","0","FALSE"
"alveary-rec2vDs8P5SlvGqt8","alveary-recGVqam32n3sIlQX","20","2","10m Recitation: Grade 11 - Lesson 59","<p>Bible Verses <br> <br>➜ PRACTICE<br>Old Testament suggestion: Proverbs 3:1-22<br>New Testament suggestions: James 1, Philemon 1, 1 Timothy 4</p>","","","Lesson","0","FALSE"
"alveary-rec2vDs8P5SlvGqt8","alveary-recavYYMVEFSwocdJ","20","3","10m Recitation: Grade 11 - Lesson 60","<p>Poetry <br> <br>➜ PRACTICE<br>Suggestions: Selection from The Aeneid by Virgil, Henry IV Part 2, Act 3, Scene 1, Lines 4-31</p>","","","Lesson","0","FALSE"
"alveary-rec2vDs8P5SlvGqt8","alveary-recfel1YZopJURgDc","21","1","10m Recitation: Grade 11 - Lesson 61","<p>Hymn/Psalm <br> <br>➜ PRACTICE<br>Hymn Suggestion: &quot;O Worship the King&quot;<br>Our Hymns, Our Heritage</p><p>Psalm suggestion: Psalm 84:1-12 and Psalm 47:1-9</p>","","","Lesson","0","FALSE"
"alveary-rec2vDs8P5SlvGqt8","alveary-recuwIhyg1JXNKyeH","21","2","10m Recitation: Grade 11 - Lesson 62","<p>Bible Verses <br> <br>➜ PRACTICE<br>Old Testament suggestion: Proverbs 3:1-22<br>New Testament suggestions: James 1, Philemon 1, 1 Timothy 4</p>","","","Lesson","0","FALSE"
"alveary-rec2vDs8P5SlvGqt8","alveary-recDR0uhxkWx2X8yl","21","3","10m Recitation: Grade 11 - Lesson 63","<p>Poetry <br> <br>➜ PRACTICE<br>Suggestions: Selection from The Aeneid by Virgil, Henry IV Part 2, Act 3, Scene 1, Lines 4-31</p>","","","Lesson","0","FALSE"
"alveary-rec2vDs8P5SlvGqt8","alveary-recJ0flUL8EUrpgBj","22","1","10m Recitation: Grade 11 - Lesson 64","<p>Hymn/Psalm <br> <br>➜ PRACTICE<br>Hymn Suggestion: &quot;O Worship the King&quot;<br>Our Hymns, Our Heritage</p><p>Psalm suggestion: Psalm 84:1-12 and Psalm 47:1-9</p>","","","Lesson","0","FALSE"
"alveary-rec2vDs8P5SlvGqt8","alveary-recDgfDuw7UTKIbtU","22","2","10m Recitation: Grade 11 - Lesson 65","<p>Bible Verses <br> <br>➜ PRACTICE<br>Old Testament suggestion: Proverbs 3:1-22<br>New Testament suggestions: James 1, Philemon 1, 1 Timothy 4</p>","","","Lesson","0","FALSE"
"alveary-rec2vDs8P5SlvGqt8","alveary-recq5nGcqSrDdS5km","22","3","10m Recitation: Grade 11 - Lesson 66","<p>Poetry <br> <br>➜ PRACTICE<br>Suggestions: Selection from The Aeneid by Virgil, Henry IV Part 2, Act 3, Scene 1, Lines 4-31</p>","","","Lesson","0","FALSE"
"alveary-rec2vDs8P5SlvGqt8","alveary-recV17BkNpodwRdSx","23","1","10m Recitation: Grade 11 - Lesson 67","<p>Hymn/Psalm <br> <br>➜ PRACTICE<br>Hymn Suggestion: &quot;O Worship the King&quot;<br>Our Hymns, Our Heritage</p><p>Psalm suggestion: Psalm 84:1-12 and Psalm 47:1-9</p>","","","Lesson","0","FALSE"
"alveary-rec2vDs8P5SlvGqt8","alveary-recZQgG579U6jk0vh","23","2","10m Recitation: Grade 11 - Lesson 68","<p>Bible Verses <br> <br>➜ PRACTICE<br>Old Testament suggestion: Proverbs 3:1-22<br>New Testament suggestions: James 1, Philemon 1, 1 Timothy 4</p>","","","Lesson","0","FALSE"
"alveary-rec2vDs8P5SlvGqt8","alveary-reci940HUDXtdDLVZ","23","3","10m Recitation: Grade 11 - Lesson 69","<p>Poetry <br> <br>➜ PRACTICE<br>Suggestions: Selection from The Aeneid by Virgil, Henry IV Part 2, Act 3, Scene 1, Lines 4-31</p>","","","Lesson","0","FALSE"
"alveary-rec2vDs8P5SlvGqt8","alveary-recI6tGl9JuYxqUCr","24","1","10m Recitation: Grade 11 - Lesson 70","<p>Exam Week</p><p>➜ EXAMS <br>Answer question(s) related to the course.</p>","<p>★ Recitation: Grade 11 — TERM 2 EXAM QUESTIONS<br>· Recite hymn and psalm selections to a parent/teacher.</p><p>· Recite OT/NT selections to a parent/teacher.</p><p>· Recite poetry selections to a parent/teacher.</p>","","Exam","0","FALSE"
"alveary-rec2vDs8P5SlvGqt8","alveary-recWLBVI63YtJAhWb","24","2","10m Recitation: Grade 11 - Lesson 71","<p>Exam Week</p><p>➜ EXAMS <br>Answer question(s) related to the course.</p>","<p>★ Recitation: Grade 11 — TERM 2 EXAM QUESTIONS<br>· Recite hymn and psalm selections to a parent/teacher.</p><p>· Recite OT/NT selections to a parent/teacher.</p><p>· Recite poetry selections to a parent/teacher.</p>","","Exam","0","FALSE"
"alveary-rec2vDs8P5SlvGqt8","alveary-rec5ia0A0V8OlV7l8","24","3","10m Recitation: Grade 11 - Lesson 72","<p>Exam Week</p><p>➜ EXAMS <br>Answer question(s) related to the course.</p>","<p>★ Recitation: Grade 11 — TERM 2 EXAM QUESTIONS<br>· Recite hymn and psalm selections to a parent/teacher.</p><p>· Recite OT/NT selections to a parent/teacher.</p><p>· Recite poetry selections to a parent/teacher.</p>","","Exam","0","FALSE"
"alveary-rec2vDs8P5SlvGqt8","alveary-recdKwBgqYhEGToj9","25","1","10m Recitation: Grade 11 - Lesson 73","<p>Hymn/Psalm <br>  <br>PREP: Choose a psalm and hymn for the term or use the suggestions given.</p><p>➜ PRACTICE<br>Read the recitation piece in its entirety if shorter. Otherwise, work to recite and memorize by section.</p><p>Hymn Suggestion: &quot;When Morning Gilds the Skies&quot;<br>Our Hymns, Our Heritage</p><p>Psalm suggestion: Psalm 25:1-22</p>","","","Lesson","0","FALSE"
"alveary-rec2vDs8P5SlvGqt8","alveary-rec8UDsNxSW27OWPB","25","2","10m Recitation: Grade 11 - Lesson 74","<p>Bible Verses <br> <br>PREP: You may want to print out the recitation passages to have handy for weekly practice.</p><p>➜ PRACTICE<br>Choose OT and NT passages for the term or decide which selections to use below.</p><p>Old Testament suggestions: Ecclesiastes 3:1-22<br>New Testament suggestions: 1 Peter 1, 2 Timothy 3, Titus 2, Jude</p>","","","Lesson","0","FALSE"
"alveary-rec2vDs8P5SlvGqt8","alveary-recTtFq6QGVv7qR9z","25","3","10m Recitation: Grade 11 - Lesson 75","<p>Poetry <br> <br>➜ PRACTICE<br>Suggestions: &quot;We Wear the Mask&quot; by Paul Laurence Dunbar, The Winter’s Tale, Act 1, Scene 2, Lines 292-328</p>","","","Lesson","0","FALSE"
"alveary-rec2vDs8P5SlvGqt8","alveary-recvVypye6bn9fDl4","26","1","10m Recitation: Grade 11 - Lesson 76","<p>Hymn/Psalm <br>  <br>➜ PRACTICE<br>Hymn Suggestion: &quot;When Morning Gilds the Skies&quot;<br>Our Hymns, Our Heritage</p><p>Psalm suggestion: Psalm 25:1-22</p>","","","Lesson","0","FALSE"
"alveary-rec2vDs8P5SlvGqt8","alveary-recGr31zKEhXm1HWJ","26","2","10m Recitation: Grade 11 - Lesson 77","<p>Bible Verses <br> <br>PREP: You may want to print out the recitation passages to have handy for weekly practice.</p><p>➜ PRACTICE<br>Choose OT and NT passages for the term or decide which selections to use below.</p><p>Old Testament suggestions: Ecclesiastes 3:1-22<br>New Testament suggestions: 1 Peter 1, 2 Timothy 3, Titus 2, Jude</p>","","","Lesson","0","FALSE"
"alveary-rec2vDs8P5SlvGqt8","alveary-recmJsx1Drny8IThO","26","3","10m Recitation: Grade 11 - Lesson 78","<p>Poetry <br> <br>➜ PRACTICE<br>Suggestions: &quot;We Wear the Mask&quot; by Paul Laurence Dunbar, The Winter’s Tale, Act 1, Scene 2, Lines 292-328</p>","","","Lesson","0","FALSE"
"alveary-rec2vDs8P5SlvGqt8","alveary-recka1ag3dL2pSjvP","27","1","10m Recitation: Grade 11 - Lesson 79","<p>Hymn/Psalm <br> <br>➜ PRACTICE<br>Hymn Suggestion: &quot;When Morning Gilds the Skies&quot;<br>Our Hymns, Our Heritage</p><p>Psalm suggestion: Psalm 25:1-22</p>","","","Lesson","0","FALSE"
"alveary-rec2vDs8P5SlvGqt8","alveary-rechhXeLZdQsOFAd0","27","2","10m Recitation: Grade 11 - Lesson 80","<p>Bible Verses <br> <br>➜ PRACTICE<br>Read your OT and NT selections aloud, paying attention to any unfamiliar words or phrases.</p><p>Old Testament suggestions: Ecclesiastes 3:1-22<br>New Testament suggestions: 1 Peter 1, 2 Timothy 3, Titus 2, Jude</p>","","","Lesson","0","FALSE"
"alveary-rec2vDs8P5SlvGqt8","alveary-rec4m4S6ZjQttFJXz","27","3","10m Recitation: Grade 11 - Lesson 81","<p>Poetry <br> <br>➜ PRACTICE<br>Suggestions: &quot;We Wear the Mask&quot; by Paul Laurence Dunbar, The Winter’s Tale, Act 1, Scene 2, Lines 292-328</p>","","","Lesson","0","FALSE"
"alveary-rec2vDs8P5SlvGqt8","alveary-recfRE6VRH6uKWbRu","28","1","10m Recitation: Grade 11 - Lesson 82","<p>Hymn/Psalm <br> <br>➜ PRACTICE<br>Hymn Suggestion: &quot;When Morning Gilds the Skies&quot;<br>Our Hymns, Our Heritage</p><p>Psalm suggestion: Psalm 25:1-22</p>","","","Lesson","0","FALSE"
"alveary-rec2vDs8P5SlvGqt8","alveary-rec3SSwEDVfWN8hpg","28","2","10m Recitation: Grade 11 - Lesson 83","<p>Bible Verses <br> <br>➜ PRACTICE<br>Old Testament suggestions: Ecclesiastes 3:1-22<br>New Testament suggestions: 1 Peter 1, 2 Timothy 3, Titus 2, Jude</p>","","","Lesson","0","FALSE"
"alveary-rec2vDs8P5SlvGqt8","alveary-recSBerLM0Amou1Ph","28","3","10m Recitation: Grade 11 - Lesson 84","<p>Poetry <br> <br>➜ PRACTICE<br>Suggestions: &quot;We Wear the Mask&quot; by Paul Laurence Dunbar, The Winter’s Tale, Act 1, Scene 2, Lines 292-328</p>","","","Lesson","0","FALSE"
"alveary-rec2vDs8P5SlvGqt8","alveary-recn2jbfLInAiKvcs","29","1","10m Recitation: Grade 11 - Lesson 85","<p>Hymn/Psalm <br> <br>➜ PRACTICE<br>Hymn Suggestion: &quot;When Morning Gilds the Skies&quot;<br>Our Hymns, Our Heritage</p><p>Psalm suggestion: Psalm 25:1-22</p>","","","Lesson","0","FALSE"
"alveary-rec2vDs8P5SlvGqt8","alveary-recOETYtgMXOmfMKI","29","2","10m Recitation: Grade 11 - Lesson 86","<p>Bible Verses <br> <br>➜ PRACTICE<br>Old Testament suggestions: Ecclesiastes 3:1-22<br>New Testament suggestions: 1 Peter 1, 2 Timothy 3, Titus 2, Jude</p>","","","Lesson","0","FALSE"
"alveary-rec2vDs8P5SlvGqt8","alveary-rec7b9RWS0jDWYVYm","29","3","10m Recitation: Grade 11 - Lesson 87","<p>Poetry <br> <br>➜ PRACTICE<br>Suggestions: &quot;We Wear the Mask&quot; by Paul Laurence Dunbar, The Winter’s Tale, Act 1, Scene 2, Lines 292-328</p>","","","Lesson","0","FALSE"
"alveary-rec2vDs8P5SlvGqt8","alveary-recw4Vb29GD7WZ41J","30","1","10m Recitation: Grade 11 - Lesson 88","<p>Hymn/Psalm <br> <br>➜ PRACTICE<br>Hymn Suggestion: &quot;When Morning Gilds the Skies&quot;<br>Our Hymns, Our Heritage</p><p>Psalm suggestion: Psalm 25:1-22</p>","","","Lesson","0","FALSE"
"alveary-rec2vDs8P5SlvGqt8","alveary-recXNkT1QYt6niRzj","30","2","10m Recitation: Grade 11 - Lesson 89","<p>Bible Verses <br> <br>➜ PRACTICE<br>Old Testament suggestions: Ecclesiastes 3:1-22<br>New Testament suggestions: 1 Peter 1, 2 Timothy 3, Titus 2, Jude</p>","","","Lesson","0","FALSE"
"alveary-rec2vDs8P5SlvGqt8","alveary-recJeYU2DnuyxMSkP","30","3","10m Recitation: Grade 11 - Lesson 90","<p>Poetry <br> <br>➜ PRACTICE<br>Suggestions: &quot;We Wear the Mask&quot; by Paul Laurence Dunbar, The Winter’s Tale, Act 1, Scene 2, Lines 292-328</p>","","","Lesson","0","FALSE"
"alveary-rec2vDs8P5SlvGqt8","alveary-rec7vYgSxDxCmLCqD","31","1","10m Recitation: Grade 11 - Lesson 91","<p>Hymn/Psalm <br> <br>➜ PRACTICE<br>Hymn Suggestion: &quot;When Morning Gilds the Skies&quot;<br>Our Hymns, Our Heritage</p><p>Psalm suggestion: Psalm 25:1-22</p>","","","Lesson","0","FALSE"
"alveary-rec2vDs8P5SlvGqt8","alveary-recmZBgNJO9A5tyIs","31","2","10m Recitation: Grade 11 - Lesson 92","<p>Bible Verses <br> <br>➜ PRACTICE<br>Old Testament suggestions: Ecclesiastes 3:1-22<br>New Testament suggestions: 1 Peter 1, 2 Timothy 3, Titus 2, Jude</p>","","","Lesson","0","FALSE"
"alveary-rec2vDs8P5SlvGqt8","alveary-rec3DaTxdvF67meRS","31","3","10m Recitation: Grade 11 - Lesson 93","<p>Poetry <br> <br>➜ PRACTICE<br>Suggestions: &quot;We Wear the Mask&quot; by Paul Laurence Dunbar, The Winter’s Tale, Act 1, Scene 2, Lines 292-328</p>","","","Lesson","0","FALSE"
"alveary-rec2vDs8P5SlvGqt8","alveary-recjuZTNeKk4L6kNb","32","1","10m Recitation: Grade 11 - Lesson 94","<p>Hymn/Psalm <br> <br>➜ PRACTICE<br>Hymn Suggestion: &quot;When Morning Gilds the Skies&quot;<br>Our Hymns, Our Heritage</p><p>Psalm suggestion: Psalm 25:1-22</p>","","","Lesson","0","FALSE"
"alveary-rec2vDs8P5SlvGqt8","alveary-recg0bmUI3Xm1Vuum","32","2","10m Recitation: Grade 11 - Lesson 95","<p>Bible Verses <br> <br>➜ PRACTICE<br>Old Testament suggestions: Ecclesiastes 3:1-22<br>New Testament suggestions: 1 Peter 1, 2 Timothy 3, Titus 2, Jude</p>","","","Lesson","0","FALSE"
"alveary-rec2vDs8P5SlvGqt8","alveary-recEgu591jUGQrlwh","32","3","10m Recitation: Grade 11 - Lesson 96","<p>Poetry <br> <br>➜ PRACTICE<br>Suggestions: &quot;We Wear the Mask&quot; by Paul Laurence Dunbar, The Winter’s Tale, Act 1, Scene 2, Lines 292-328</p>","","","Lesson","0","FALSE"
"alveary-rec2vDs8P5SlvGqt8","alveary-recEkG62Gj0S7Kjm1","33","1","10m Recitation: Grade 11 - Lesson 97","<p>Hymn/Psalm <br> <br>➜ PRACTICE<br>Hymn Suggestion: &quot;When Morning Gilds the Skies&quot;<br>Our Hymns, Our Heritage</p><p>Psalm suggestion: Psalm 25:1-22</p>","","","Lesson","0","FALSE"
"alveary-rec2vDs8P5SlvGqt8","alveary-recjUPMzQOSI4aC2E","33","2","10m Recitation: Grade 11 - Lesson 98","<p>Bible Verses <br> <br>➜ PRACTICE<br>Old Testament suggestions: Ecclesiastes 3:1-22<br>New Testament suggestions: 1 Peter 1, 2 Timothy 3, Titus 2, Jude</p>","","","Lesson","0","FALSE"
"alveary-rec2vDs8P5SlvGqt8","alveary-recyb6JXcXqVQz0cy","33","3","10m Recitation: Grade 11 - Lesson 99","<p>Poetry <br> <br>➜ PRACTICE<br>Suggestions: &quot;We Wear the Mask&quot; by Paul Laurence Dunbar, The Winter’s Tale, Act 1, Scene 2, Lines 292-328</p>","","","Lesson","0","FALSE"
"alveary-rec2vDs8P5SlvGqt8","alveary-recLXZN2VZZc6QyTS","34","1","10m Recitation: Grade 11 - Lesson 100","<p>Hymn/Psalm <br> <br>➜ PRACTICE<br>Hymn Suggestion: &quot;When Morning Gilds the Skies&quot;<br>Our Hymns, Our Heritage</p><p>Psalm suggestion: Psalm 25:1-22</p>","","","Lesson","0","FALSE"
"alveary-rec2vDs8P5SlvGqt8","alveary-recpHfMB8dIGzfyf0","34","2","10m Recitation: Grade 11 - Lesson 101","<p>Bible Verses <br> <br>➜ PRACTICE<br>Old Testament suggestions: Ecclesiastes 3:1-22<br>New Testament suggestions: 1 Peter 1, 2 Timothy 3, Titus 2, Jude</p>","","","Lesson","0","FALSE"
"alveary-rec2vDs8P5SlvGqt8","alveary-recAjp8WdHd5F69VZ","34","3","10m Recitation: Grade 11 - Lesson 102","<p>Poetry <br> <br>➜ PRACTICE<br>Suggestions: &quot;We Wear the Mask&quot; by Paul Laurence Dunbar, The Winter’s Tale, Act 1, Scene 2, Lines 292-328</p>","","","Lesson","0","FALSE"
"alveary-rec2vDs8P5SlvGqt8","alveary-rece3ojFuBdx6VbQj","35","1","10m Recitation: Grade 11 - Lesson 103","<p>Hymn/Psalm <br> <br>➜ PRACTICE<br>Hymn Suggestion: &quot;When Morning Gilds the Skies&quot;<br>Our Hymns, Our Heritage</p><p>Psalm suggestion: Psalm 25:1-22</p>","","","Lesson","0","FALSE"
"alveary-rec2vDs8P5SlvGqt8","alveary-recEJAs6TXUfXfwFe","35","2","10m Recitation: Grade 11 - Lesson 104","<p>Bible Verses <br> <br>➜ PRACTICE<br>Old Testament suggestions: Ecclesiastes 3:1-22<br>New Testament suggestions: 1 Peter 1, 2 Timothy 3, Titus 2, Jude</p>","","","Lesson","0","FALSE"
"alveary-rec2vDs8P5SlvGqt8","alveary-rec9hjhrJepgkqnlp","35","3","10m Recitation: Grade 11 - Lesson 105","<p>Poetry <br> <br>➜ PRACTICE<br>Suggestions: &quot;We Wear the Mask&quot; by Paul Laurence Dunbar, The Winter’s Tale, Act 1, Scene 2, Lines 292-328</p>","","","Lesson","0","FALSE"
"alveary-rec2vDs8P5SlvGqt8","alveary-recQLAanbK9HWvzR1","36","1","10m Recitation: Grade 11 - Lesson 106","<p>Exam Week</p><p>➜ EXAMS <br>Answer question(s) related to the course.</p>","<p>★ Recitation: Grade 11 — TERM 3 EXAM QUESTIONS<br>· Recite hymn and psalm selections to a parent/teacher.</p><p>· Recite OT/NT selections to a parent/teacher.</p><p>· Recite poetry selections to a parent/teacher.</p>","","Exam","0","FALSE"
"alveary-rec2vDs8P5SlvGqt8","alveary-recBPCwHubIurHWas","36","2","10m Recitation: Grade 11 - Lesson 107","<p>Exam Week</p><p>➜ EXAMS <br>Answer question(s) related to the course.</p>","<p>★ Recitation: Grade 11 — TERM 3 EXAM QUESTIONS<br>· Recite hymn and psalm selections to a parent/teacher.</p><p>· Recite OT/NT selections to a parent/teacher.</p><p>· Recite poetry selections to a parent/teacher.</p>","","Exam","0","FALSE"
"alveary-rec2vDs8P5SlvGqt8","alveary-rec8i174Qrg5480wu","36","3","10m Recitation: Grade 11 - Lesson 108","<p>Exam Week</p><p>➜ EXAMS <br>Answer question(s) related to the course.</p>","<p>★ Recitation: Grade 11 — TERM 3 EXAM QUESTIONS<br>· Recite hymn and psalm selections to a parent/teacher.</p><p>· Recite OT/NT selections to a parent/teacher.</p><p>· Recite poetry selections to a parent/teacher.</p>","","Exam","0","FALSE"
